Trial,Status,Time_TrialStart,Time_DrawFinish,Time_GazeEnter,Time_End
1,Success,34.67563790001441,34.677304600016214,34.859855900052935,35.8260816000402
2,Success,38.8459233000176,38.84646460006479,38.846956700086594,39.83000339998398
3,Break,42.85047090006992,42.851048100041226,43.001513199997135,44.0191794000566
4,Break,47.038248200085945,47.03880800004117,47.03934460005257,47.97278100007679
5,Success,50.992539300001226,50.99334460007958,50.993851100094616,51.975934399990365
6,Success,54.9956283000065,54.99618290003855,54.9966376000084,55.98049730004277
7,Success,59.00026130001061,59.00083400006406,59.00132460007444,59.967750400071964
8,Success,62.98671790002845,62.98743550002109,63.02164940000512,63.98862429999281
9,Success,66.51752680004574,66.51811030006502,66.65026510006282,67.60099850001279
10,Success,77.28562920005061,77.28633650008123,77.2867399000097,78.269784300006
11,Success,81.28926660004072,81.28984950005542,81.45660420006607,82.40735059999861
12,Success,85.42673519998789,85.42733299999963,85.66128480003681,86.62815270002466
13,Success,89.64739880000707,89.64825299999211,89.86600480007473,90.83255290007219
14,Success,93.85231270000804,93.85283630003687,93.98563210002612,94.95244160003494
15,Success,97.97213340003509,97.97274870006368,97.97324680001475,98.95764060004149
16,Success,101.97644560004119,101.97704000002705,102.32804619998205,103.29502760001924
17,Success,106.31468660000246,106.31580360000953,106.3164153000107,107.29906650003977
18,Success,110.31890800001565,110.31944620003924,110.66992910008412,111.65263460006099
19,Success,114.67230299999937,114.67289280006662,114.79056310001761,115.74133460002486
20,Success,118.7604681000812,118.76097579998896,118.92839910008479,119.89507530000992
21,Success,122.91495380003471,122.91579040000215,123.09888499998488,124.06508750002831
22,Break,127.09324399998877,127.09381160000339,127.26146629999857,127.97878150001634
23,Success,130.99789460003376,130.9984182000626,130.99888319999445,131.98298209998757
24,Break,135.0021425000159,135.00273230008315,135.0031989000272,135.92010990006384
25,Break,138.9396609000396,138.94024939998053,139.17271000007167,139.77307410002686
26,Break,142.79282349999994,142.7937686999794,143.02697810006794,143.6930670000147
27,Success,146.71315850003157,146.71368939999957,146.98161160002928,147.94845230004285
28,Success,150.968746400089,150.96930540003814,150.96978809998836,151.95277109998278
29,Success,154.97262570005842,154.97323020000476,155.15609210007824,156.14006680005696
30,Success,159.15980690007564,159.16037529997993,159.41099230002146,160.3778465000214
31,Success,163.39751380006783,163.3981961000245,163.61424490006175,164.59886959998403
32,Success,167.61829910008237,167.61888150009327,167.88649120007176,168.85214710002765
33,Success,171.8727680000011,171.8734213000862,172.0738022000296,173.0407621000195
34,Success,176.0600605000509,176.0606332999887,176.06113350007217,177.0282780000707
35,Success,180.04790690005757,180.04861480009276,180.28242559998762,181.26578640006483
36,Success,184.28558120003436,184.28613590006717,184.6365206000628,185.6198474999983
37,Break,188.63979689998087,188.64039000007324,188.85667750006542,189.92333830008283
38,Break,192.94298799999524,192.94353180006146,193.1941863000393,193.61154120007996
39,Success,196.6313212000532,196.6318971000146,199.7015809000004,200.68500629998744
40,Success,203.70467030000873,203.70524879998993,203.70587750000414,204.6727394000627
41,Success,207.69231070007663,207.6929224000778,207.90959050005767,208.87588000006508
42,Success,211.89531330007594,211.89586410007905,212.23068809998222,213.19810809998307
43,Success,216.21734370000195,216.21792610001285,216.21839520009235,217.18526260007638
44,Success,220.20537400001194,220.20601269998588,220.73961879999842,221.72222640004475
45,Success,224.74290040007327,224.74347370001487,224.74398969998583,225.72600969998166
46,Success,228.74563410005067,228.74619600002188,228.74674450000748,229.73108110006433
47,Success,232.75086020003073,232.75143730000127,233.11873019998893,234.08574040001258
48,Success,237.105407700059,237.1059389000293,237.32277750002686,238.28974030003883
49,Success,241.30937989999074,241.30995270004496,241.74297830008436,242.71080750005785
50,Success,245.73111749999225,245.73171590000857,245.99856320000254,246.9652414000593
51,Success,249.98494049999863,249.98551929998212,250.2199113999959,251.20287560008
52,Success,254.22277480002958,254.2233419000404,254.2238251999952,255.20571830007248
53,Success,258.22549250000156,258.22603999997955,258.2265429000836,259.1776830999879
54,Success,262.1964412999805,262.1970626000548,262.481603500084,263.4485944000771
55,Success,266.4685122000519,266.46914390008897,266.63569540006574,267.60280480002984
56,Success,270.6225832999917,270.6231782999821,270.62365530000534,271.60583550005686
57,Success,274.62579930003267,274.62640170007944,274.8265204000054,275.81085070001427
58,Break,278.8305991999805,278.8311340000946,279.06410790001974,280.0490566000808
59,Success,283.06843330000993,283.06897190003656,283.2694741000887,284.22014360001776
60,Success,287.23928990005516,287.2398178000003,287.6238495000871,288.6065071000485
61,Success,291.62583040003665,291.6265847000759,291.89369360008277,292.84513850009535
62,Success,295.86380590009503,295.864338900079,295.98202540003695,296.9491564000491
63,Success,299.9687922000885,299.96958710008767,299.97029339999426,300.9530957000097
64,Success,303.9731926000677,303.9740075999871,304.24093510000966,305.22320230002515
65,Success,308.24312090000603,308.24390480003785,308.411148800049,309.378863900085
66,Success,312.39800300006755,312.39884000003804,312.7155631000642,313.6826755000511
67,Success,316.7028011000948,316.7035281000426,316.71977930003777,317.68562590004876
68,Success,320.70535250008106,320.7059315000661,320.70642649999354,321.690607800032
69,Success,324.710370899993,324.71094700007234,324.71140180004295,325.6788691000547
70,Success,328.6974866000237,328.6983390999958,328.69881400000304,329.6652183000697
71,Success,332.68597160000354,332.6865743000526,332.91973080008756,333.90330610005185
72,Success,336.9236049000174,336.9241877000313,337.2405560000334,338.2067332000006
73,Success,341.2263048000168,341.226943799993,341.5615127000492,342.5288644999964
74,Success,345.5479234000668,345.5486589000793,345.5491419000318,346.5156056000851
75,Success,349.5352818000829,349.5358913000673,349.53638200007845,350.51988949999213
76,Success,353.5395068000071,353.54013610002585,353.5405983000528,354.52305339998566
77,Success,357.54261520004366,357.54320590000134,357.5436623999849,358.52780849998817
78,Success,361.5466025000205,361.54725619999226,361.7643190000672,362.715305400081
79,Success,365.7353349000914,365.73591300006956,365.73638800007757,366.7031266000122
80,Success,369.7225145000266,369.7230821000412,369.7235669000074,370.7057544999989
81,Success,373.72571330005303,373.72632070002146,373.72681500006,374.7107768000569
82,Success,377.7303128000349,377.7309704000363,377.8138772000093,378.79869060008787
83,Success,381.81791220000014,381.81884279998485,382.03591710003093,383.002616200014
84,Success,386.0222592999926,386.0227876000572,386.0232777000638,387.00588310009334
85,Success,390.0254509000806,390.0259792000288,390.0264589000726,391.0110969999805
86,Break,394.0302591000218,394.0308927000733,394.413798600086,394.7486471000593
87,Success,397.7670901999809,397.7677535000257,398.11911050009076,399.08563930005766
88,Break,402.10566340002697,402.10621070000343,402.4067343000788,402.7734777000733
89,Success,405.7922961000586,405.7928298000479,405.97644910006784,406.96031540003605
90,Success,409.9798469999805,409.9803727000253,410.1635202000616,411.1479276000755
91,Success,414.1666827000445,414.1672612000257,414.3682467000326,415.33519690006506
92,Success,418.35528230003547,418.3558652000502,418.3563560000621,419.32288700004574
93,Success,422.3425073000835,422.34309480001684,422.34358530002646,423.3256992000388
94,Success,426.34536310005933,426.34590349998325,426.34637680009473,427.3311875000363
95,Success,430.3508831000654,430.35147310001776,430.55166800005827,431.5181399000576
96,Success,434.53917080000974,434.5399005000945,434.8392358000856,435.8050947000738
97,Break,438.82561880000867,438.82617430004757,438.826627500006,439.5762439999962
98,Success,442.5953853999963,442.5959569000406,442.7639179000398,443.7464527999982
99,Success,446.76599049998913,446.7665205000667,446.76700960006565,447.7513690000633
100,Success,450.7710982999997,450.7716660000151,450.7721365999896,451.73897300008684
101,Success,454.75813060009386,454.75909100007266,454.90965749998577,455.8752075000666
102,Success,458.89498990005814,458.89565710001625,458.89615470007993,459.8801654999843
103,Success,462.9004165000515,462.90102260001004,463.1833693999797,464.1512595000677
104,Success,467.17126970004756,467.17178089998197,467.17231749999337,468.1555484000128
105,Break,471.1752752000466,471.17584939999506,471.17632830003276,472.2097259000875
106,Success,475.22917890001554,475.2297306000255,475.29671959998086,476.28047630004585
107,Break,479.2999960000161,479.3005720000947,479.3010894000763,480.1833069000859
108,Success,483.20324930001516,483.2039234000258,483.43713900004514,484.3884698000038
109,Success,487.40797739999834,487.40850160003174,487.40898980002385,488.39244600001257
110,Success,491.41209430003073,491.41263909998816,491.4131318000145,492.395551100024
111,Success,495.4151170999976,495.41566860000603,495.41617820004467,496.3828208000632
112,Success,499.40322480001487,499.4038610000862,499.62124780006707,500.58807400008664
113,Success,503.6077384999953,503.60835970006883,503.6088860000018,504.57558400009293
114,Success,507.5952137000859,507.5957741000457,507.74592000001576,508.72952170006465
115,Success,511.7495340000605,511.7501304000616,511.83346190000884,512.8005489000352
116,Success,515.8202606000705,515.820796300075,515.8212423999794,516.8035319000483
117,Success,519.8231913000345,519.823724100017,519.824219900067,520.7750692000845
118,Success,523.7939872000134,523.7945520000067,523.795019500074,524.7626553000882
119,Success,527.7820074000629,527.7825698000379,527.8499431000091,528.8334305000026
120,Success,531.8530668000458,531.853609599988,532.0209429999813,533.0033993000397
121,Success,536.0230226999847,536.023578900029,536.2415669000475,537.2084359000437
122,Success,540.2280515000457,540.2287004999816,540.2292118000332,541.1958056000294
123,Success,544.2155617000535,544.2161428000545,544.249998299987,545.2155461000511
124,Success,548.2352503000293,548.2358468000311,548.6707569999853,549.6213194000302
125,Success,552.6408760000486,552.6414267000509,552.6420050000306,553.6082957000472
126,Success,556.6277289000573,556.628286399995,556.6287753999932,557.5957818999887
127,Success,560.6154825000558,560.6160604000324,560.6165397000732,561.5995531000663
128,Success,564.6192445000634,564.6202901999932,564.6208259999985,565.6029007000616
129,Success,568.6230045000557,568.6236214999808,568.9414292000001,569.9083219000604
130,Success,572.927840600023,572.9284326999914,573.1785936000524,574.1456583000254
131,Success,577.1654274000321,577.1660580000607,577.1665443000384,578.1496498000342
132,Success,581.1699764999794,581.1706411000341,581.319912499981,582.2863845999818
133,Success,585.3059457000345,585.3065386000089,585.4412641000235,586.4083403000841
134,Success,589.4280035999836,589.4286254000617,589.4291122000432,590.3958557000151
135,Success,593.4151740000816,593.4158590000588,593.4163700999925,594.399462100002
136,Success,597.4211607000325,597.4219060000032,597.6202349000378,598.5861611000728
137,Success,601.6058394000866,601.6064220999833,601.6068957999814,602.5576179000782
138,Success,605.5765419000527,605.5771063000429,605.5776001000777,606.5452079999959
139,Success,609.5642508000601,609.564841400017,609.5653175000334,610.5492361000506
140,Success,613.5688046000432,613.5693570000585,613.569861200056,614.5357030000305
141,Success,617.5555972000584,617.5561828000937,617.6739830999868,618.6407440000912
142,Success,621.6603949000128,621.6613347000675,621.8272792000789,622.7783931000158
143,Break,625.7978886000346,625.7984759000828,625.7990172000136,626.632294400013
144,Success,629.6520334000234,629.6525817000074,629.6530227999901,630.6361643000273
145,Success,633.656675000093,633.6572516000597,633.8899377000052,634.8561206000159
146,Success,637.8758147000335,637.8763033000287,638.2610979999881,639.2281683000037
147,Success,642.2480315000284,642.2486227999907,642.2491323000286,643.2153333000606
148,Success,646.2353745000437,646.235958000063,646.5193882000167,647.4854258000851
149,Success,650.505111800041,650.5057781999931,650.6909617000492,651.6733097999822
150,Success,654.6930142000783,654.6935415000189,654.9614739000099,655.9284456000896
151,Success,658.9480316999834,658.9486207000446,658.9491020999849,659.9156365999952
152,Success,668.0062338000862,668.0069306000369,668.007340000011,669.0917243000586
153,Success,672.1117363000521,672.1124765999848,672.462703700061,673.5293017000658
154,Success,676.5501470000017,676.550852800021,676.9169891000492,678.0004195000511
155,Success,681.0204334000591,681.0214667000109,681.3718739000615,682.4382247000467
156,Success,685.4582271000836,685.4587660999969,685.659016199992,686.7260702000931
157,Success,689.7457249000436,689.746278500068,689.9635166000808,691.0302830000874
158,Success,694.0498069000896,694.05038660008,694.0508732000599,695.1179118000437
159,Success,698.1367375000846,698.1373052999843,698.1378009000327,699.2052448000759
160,Success,702.2244226000039,702.2249609000282,702.5764399000909,703.6599922000896
161,Success,706.6797153999796,706.6803297000006,706.9641212000279,708.03074810002
162,Success,711.0517842000118,711.0523567000637,711.133977200021,712.1853113999823
163,Success,715.2041486999951,715.2047069000546,715.4050643000519,716.4731757000554
164,Success,719.492898000055,719.4934346000664,719.4939126999816,720.5765633999836
165,Success,723.5957960999804,723.5963588000741,723.8133780000499,724.8811804000288
166,Success,727.9010241000215,727.9017990999855,728.0686673000455,729.1360926000634
167,Success,732.1551581000676,732.1556934000691,732.2227662000805,733.273927000002
168,Success,736.2929729000898,736.2935442000162,736.5943676000461,737.6767969999928
169,Success,740.6964021000313,740.6969740000786,740.8139891000465,741.8828972000629
170,Success,744.9017924000509,744.9023794999812,745.2029020000482,746.2696499000303
171,Success,749.2893246000167,749.2898927000351,749.4905700000236,750.5730455000885
172,Success,753.592848100001,753.5934337000363,753.5939001000952,754.6613461000379
173,Success,757.6808943999931,757.6814500000328,757.8986497999867,758.965949100093
174,Success,761.985829000012,761.9866772000678,762.1533665000461,763.2045487000141
175,Success,766.2232836000621,766.2238889000146,766.2247504000552,767.3065052999882
176,Success,770.3263684000121,770.327037399984,770.7439954000292,771.7954595000483
177,Success,774.8147596000927,774.8153434999986,775.1663928000489,776.2337038000114
178,Success,779.2612609000644,779.2623088000109,779.594748100033,780.6464062000159
179,Success,783.6659069000743,783.6665272000246,783.6670257999795,784.73368569999
180,Success,787.7535456999904,787.7541544000851,787.7546259000665,788.8367186000105
181,Success,791.8563162999926,791.8569355000509,791.857398900087,792.9245637999848
182,Success,795.9438708000816,795.9444324000506,796.22907640005,797.2796524000587
183,Break,800.3001891000895,800.301108899992,800.6839395000134,801.4166622000048
184,Success,804.4359835000942,804.4371671000263,806.2391334000276,807.3063634000719
185,Success,810.3261101000244,810.3266967000673,810.5099906000542,811.5763366000028
186,Success,814.595870600082,814.59646660008,814.8810779000632,815.9315808999818
187,Success,818.9516287000151,818.9521701000631,819.2849803999998,820.3362290000077
188,Success,823.3562284000218,823.3573885000078,823.5901173000457,824.656326700002
189,Success,827.6761093999958,827.6769802999916,827.9937941000098,829.0449615999823
190,Success,832.0637323000701,832.0643233000301,832.3324398000259,833.3994131000945
191,Success,836.4189552000025,836.4195450000698,836.4200289000291,837.4858856000938
192,Success,840.5054522000719,840.5061104000779,840.7743662000867,841.8409962999867
193,Success,844.8606130999979,844.8611906000879,845.0776303000748,846.1287417000858
194,Success,849.1484062999953,849.148992100032,849.2994502000511,850.3834637000691
195,Success,853.4035627000267,853.4041592000285,853.7041213000193,854.77093410003
196,Success,857.7905112000881,857.7910941999871,858.1574188000523,859.2088021000382
197,Success,862.2282402000856,862.2287876000628,862.2292692000046,863.29621890001
198,Break,866.3161862000125,866.3167823000113,866.4172006000299,867.5332737000426
199,Success,870.5544379000785,870.5550475000637,870.7870292000007,871.8716274000471
200,Success,874.8913900000043,874.8919940000633,875.19210320001,876.2427100000205
201,Success,879.2626628000289,879.263350400026,880.5310583000537,881.5970561000286
202,Success,884.6168728000484,884.6174935000017,884.9846906000748,886.0357592999935
203,Success,889.0558288000757,889.0563595000422,889.2735299000051,890.3401749000186
204,Success,893.3607220000122,893.3616801000899,893.6106605000095,894.6770795000484
205,Success,897.6967742000706,897.6973221000517,897.9145405000309,898.9656166000059
206,Success,901.984515100019,901.9851363000926,902.2029809000669,903.2537425000919
207,Success,906.2729714000598,906.2736517000012,906.6564006999834,907.7238467000425
208,Success,910.7432767000282,910.7438582000323,910.977424700046,912.0289011000423
209,Success,915.0494870999828,915.0502917000558,915.3499156000325,916.4337107000174
210,Success,919.4529870999977,919.4535782000748,919.6704045000952,920.7365863000741
211,NoFix,923.7562760000583,923.7568478999892,,928.7794502000324
212,Success,931.7991932000732,931.7998882000102,932.0329037000192,933.0837790000951
213,Success,936.103051800048,936.103847600054,936.3706134000095,937.4371436000802
214,Success,940.4567728000693,940.4575842000777,940.6915833000094,941.742457000073
215,Break,944.7617101999931,944.7622681000503,948.1327067000093,948.5162537000142
216,Success,951.5347355999984,951.5352466000477,951.7529001000803,952.8200529000023
217,Success,955.8398679000093,955.8404551000567,956.074507100042,957.1410911000567
218,Break,960.159913700074,960.1604921000544,960.3114744999912,960.826959200087
219,Success,963.8469778000144,963.8475573000032,964.0649714000756,965.1326413000934
220,Success,968.1522150000092,968.1527815000154,968.3535773000913,969.4358579000691
221,Success,972.4563705000328,972.4569142999826,972.6905379000818,973.7568590000737
222,Success,976.7765826000832,976.7771149000619,976.9945541000925,978.0456314000767
223,Success,981.0645292000845,981.0650833999971,981.4165987999877,982.4998975000344
224,Success,985.5186938000843,985.5192446000874,985.9048101000953,986.9710858000908
225,Success,989.9898907000897,989.990467900061,990.07473880006,991.1589677000884
226,Break,994.1792285999982,994.1798053000821,994.4455185000552,995.1459529000567
227,Success,998.1659674000693,998.1665396000026,998.616962900036,999.7000702000223
228,Success,1002.7199085000902,1002.7204804000212,1002.7209293000633,1003.804342300049
229,Success,1006.8236073000589,1006.8246555000078,1007.2578385000816,1008.326443900005
230,Success,1011.3458435999928,1011.3464815000771,1011.5468564000912,1012.6142056999961
231,Break,1015.6337831000565,1015.6348752999911,1015.8026931000641,1016.7512752000475
232,Success,1019.7709990000585,1019.7715627000434,1020.1053891000338,1021.188133000047
233,Success,1024.208667900064,1024.209281400079,1024.5267727000173,1025.6103355999803
234,Success,1028.6289035000373,1028.6294343000045,1028.9299551000586,1029.997110299999
235,Success,1033.0165196000598,1033.0169974000892,1033.0174758000067,1034.0848726000404
236,Success,1037.104128499981,1037.1048959000036,1037.1054697000654,1038.173225000035
237,Success,1041.1924522999907,1041.1929954000516,1041.193466900033,1042.2602368000662
238,Success,1045.2791379999835,1045.2798622000264,1045.5310273000505,1046.597315400024
239,Success,1049.6168329000939,1049.6173514000839,1049.6178140999982,1050.702384400065
240,Success,1053.721973399981,1053.7225017000455,1054.1401639999822,1055.2235174999805
241,Success,1058.2439735000953,1058.2446716000559,1058.445921799983,1059.527324900031
242,Success,1062.5471691000275,1062.5476759000449,1062.8316928000422,1063.898897600011
243,Success,1066.9185328000458,1066.919151899987,1067.1194976000115,1068.1869494999992
244,Success,1071.2065175999887,1071.2071268000873,1071.5574580000248,1072.6409587999806
245,Success,1075.6607108000899,1075.661270200042,1075.9442381000845,1077.0287231000839
246,Break,1080.0487251000013,1080.0495896000648,1082.117979700095,1082.717960100039
247,NoFix,1085.7367319000186,1085.7375588000286,,1090.7601668999996
248,Success,1093.7783393000718,1093.7788696000353,1094.1134227000875,1095.1639530999819
249,Success,1098.1836003999924,1098.1841481000884,1098.4014381000306,1099.4839474000037
250,Success,1102.5035380000481,1102.5041641000425,1102.7878987999866,1103.8391445000889
251,Success,1106.8595400000922,1106.860399600002,1107.1439058000688,1108.2261851000367
252,Success,1111.2463989000535,1111.2470184999984,1111.8812273000367,1112.9485170000698
253,Break,1115.9670306000626,1115.9676515000174,1116.1186031000689,1116.835073000053
254,Break,1119.8559746000683,1119.8566618000623,1120.2232125999872,1120.7248245000374
255,Break,1123.743292500032,1123.7438962000888,1124.1607607000042,1124.5438168999972
256,NoFix,1127.5636095000664,1127.5644339000573,,1132.5847391000716
257,NoFix,1135.6039538000477,1135.6045238000806,,1140.6271700999932
258,Break,1235.2466856000246,1235.2482070000842,1235.5644835000858,1236.2140847999835
259,Success,1239.234421000001,1239.2353029000806,1240.0849974000594,1241.136983799981
260,Success,1244.1572181000374,1244.157898100093,1244.5239053000696,1245.590034199995
261,Break,1248.6112272000173,1248.6119789000368,1249.8949130000547,1250.4459525999846
262,Success,1253.4647573999828,1253.4654034000123,1253.8166590000037,1254.90050540003
263,Break,1257.9202047000872,1257.9208944999846,1257.9877680999925,1258.9220498000504
264,Success,1261.9407116000075,1261.9412385000614,1262.1240446000593,1263.1922332000686
265,Break,1266.2115472999867,1266.2122425000416,1266.2128101000562,1267.1307079000399
266,Break,1270.1490669000195,1270.149785400019,1270.3668426000513,1270.7495746000204
267,NoFix,1273.7684540000046,1273.7691323000472,,1278.7910917000845
268,NoFix,1281.8108620999847,1281.8116932000266,,1286.8324740000535
269,Success,1352.7824059000704,1352.78323619999,1353.1839855000144,1354.2666033999994
270,Success,1357.286055500037,1357.2867628000677,1357.4869020000333,1358.5541642000899
271,Success,1361.573611000087,1361.5741869000485,1361.5746566000162,1362.6596891999943
272,Break,1365.6790374000557,1365.6797001999803,1365.8632093000924,1366.4638572999975
273,Break,1369.4828156000003,1369.4834153000265,1369.683692199993,1370.3337680000113
274,Break,1373.353428900009,1373.3540137000382,1373.6211992000462,1374.7872613000218
275,Break,1377.8069118000567,1377.808069700026,1378.1247409000061,1378.666641900083
276,Break,1381.4197902000742,1381.4203134999843,1381.6709167000372,1382.6217238000827
277,Success,1390.0945682000602,1390.0952859000536,1390.3796312999912,1391.4470042000758
278,Success,1394.4662706999807,1394.4668259000173,1394.616969200084,1395.6845937999897
279,Success,1398.7041002000915,1398.7046738000354,1398.705142699997,1399.787577799987
280,Success,1402.8078999000136,1402.8085980000906,1403.1584317000816,1404.2097401000792
281,Success,1407.2292510999832,1407.229827400064,1407.5968554000137,1408.6641910000471
282,Success,1411.6838721000822,1411.6845367000205,1411.6850399000105,1412.7513560000807
283,Break,1415.7710898000514,1415.771625100053,1416.0378702000016,1416.5378600000404
284,Success,1419.5573754000943,1419.558105400065,1419.8927117000567,1420.943425100064
285,Success,1423.962836300023,1423.9634021000238,1424.2138996000867,1425.2806724000257
286,Break,1428.300341800088,1428.300883000018,1428.5170327000087,1429.6173262000084
287,Success,1432.637206000043,1432.6377793999854,1433.222803600016,1434.290349900024
288,Success,1437.3098536999896,1437.3104393000249,1437.3109049000777,1438.3943154000444
289,Success,1441.4140524000395,1441.4145931000821,1441.6972813000903,1442.7642293000827
290,Success,1445.7838867000537,1445.7844449999975,1446.1525385000277,1447.2198306000791
291,Success,1450.239873200073,1450.240445000003,1450.5568592000054,1451.6242115000496
292,Success,1454.6441963000689,1454.6448188000359,1454.8117040999932,1455.8774868000764
293,Success,1458.8968185000122,1458.8974045000505,1458.9821370000718,1460.0495001000818
294,Success,1463.0694397999905,1463.0700033000903,1463.2702729000011,1464.3369623000035
295,Break,1467.356439199997,1467.3569982000627,1467.7574983000522,1468.3412488000467
296,Break,1471.3608832000755,1471.3614860000089,1471.7447285000235,1472.846114700078
297,NoFix,1475.8643013000255,1475.8649245999986,,1480.887284800061
298,Success,1655.6717818999896,1655.6724753000308,1655.9386243000627,1656.989725499996
299,Success,1660.0095111000119,1660.0101078000152,1660.2105974000879,1661.276616099989
300,Success,1664.3046688000904,1664.3058890000684,1664.8562606000341,1665.907185100019
301,Success,1668.9272218000842,1668.9279878999805,1669.194770500064,1670.2616942999884
302,Success,1673.2814973000204,1673.2821556000272,1673.6147200000705,1674.6827366000507
303,Success,1677.7027820000658,1677.7034817000385,1677.8537781999912,1678.9208364000078
304,Success,1681.9401234000688,1681.9410896000918,1682.308032100089,1683.3740850000177
305,Success,1686.3951020999812,1686.395903000026,1686.6127292000456,1687.6790839000605
306,Success,1690.6979374000803,1690.698690899997,1691.1498894999968,1692.2010022000177
307,Success,1695.2199851000914,1695.2210852000862,1695.4218049000483,1696.5039073000662
308,Success,1699.5244860000676,1699.5251449000789,1700.743355600047,1701.8101101000793
309,Success,1704.8298246000195,1704.8309765000595,1705.2979093000758,1706.3638420000207
310,Success,1709.3852997000795,1709.3859971000347,1709.7026908000698,1710.7691672000801
311,Success,1713.7878498000791,1713.7885048000608,1713.7890823000344,1714.8567911999999
312,Success,1717.875612200005,1717.8761610999936,1717.8766320000868,1718.9444849999854
313,Success,1721.9639177999925,1721.9645140999928,1722.2157027000794,1723.2977474000072
314,Success,1726.3263854000252,1726.3271201000316,1726.3276504999958,1727.3945382999955
315,Success,1730.4140371000394,1730.414891100023,1730.4154383999994,1731.4979659999954
316,Success,1734.517274599988,1734.5180061000865,1734.518552500056,1735.6032991000684
317,Success,1738.6225179000758,1738.6231628999813,1739.0736279999837,1740.1405215000268
318,Success,1743.1603602999821,1743.1615584000247,1743.3445812000427,1744.4120329000289
319,Success,1747.4316910000052,1747.432253499981,1747.6646788000362,1748.732578300056
320,Success,1751.7525678999955,1751.7532235999824,1752.1036517000757,1753.1872794000665
321,Break,1756.2072312000673,1756.207884100033,1757.408686800045,1757.9756518000504
322,Success,1760.9943370000692,1760.9950038000243,1761.3628365000477,1762.429570700042
323,Success,1765.449237300083,1765.4499333000276,1765.7507616000948,1766.8165211000014
324,Success,1769.8372406000271,1769.8378861000529,1770.0549465999939,1771.1222801000113
325,Success,1774.141326299985,1774.1420643000165,1774.3749497000827,1775.4435159000568
326,Break,1778.4632306999993,1778.4639172999887,1778.796330900048,1779.1474678000668
327,Success,1782.1656000000658,1782.1662628999911,1782.384536400088,1783.4517137000803
328,Success,1786.4709075000137,1786.472268500016,1786.7217243000632,1787.7878408000106
329,Success,1790.8075211000396,1790.8081179000437,1791.0085962000303,1792.0756511000218
330,Success,1795.0951855999883,1795.095815400011,1795.8144048000686,1796.8814414000371
331,Success,1799.900864000083,1799.9015748000238,1800.3355051000835,1801.4181668000529
332,Success,1804.4378169000847,1804.438373700017,1804.7739469000371,1805.856898500002
333,Success,1808.8775241000112,1808.878242100007,1809.4948740000837,1810.5616138000041
334,Success,1813.582264900091,1813.5829260000028,1813.9648935000878,1815.0332278000424
335,Success,1818.0526649000822,1818.0532565000467,1818.3362320000306,1819.3874692000682
336,Success,1822.407122900011,1822.4076453000307,1822.8750264000846,1823.9576365000103
337,Success,1826.9772304000799,1826.977792300051,1827.1950733000413,1828.2795190000907
338,Success,1831.2992207000498,1831.299921000027,1831.550365000032,1832.6172534000361
339,Success,1835.6375500999857,1835.6384178000735,1836.0380734000355,1837.121705400059
340,Success,1840.141093500075,1840.1422114000889,1840.8754600000102,1841.9268374000676
341,Success,1844.945414600079,1844.9460100000724,1845.164359800052,1846.2313494000118
342,Success,1849.250773100066,1849.2515663000522,1849.2523734000279,1850.3343141999794
343,Break,1853.3538958000718,1853.354676200077,1853.5226568999933,1854.288540199981
344,Success,1857.307774899993,1857.3083780000452,1857.3088951000245,1858.359923299984
345,Success,1861.3796916999854,1861.3803971000016,1861.8478063000366,1862.914806600078
346,Success,1865.9345414000563,1865.9351590999868,1866.1177759000566,1867.1847142000915
347,Success,1870.204425600008,1870.2051934000337,1870.6235679000383,1871.690217400086
348,Success,1874.7097867000848,1874.7104349000147,1874.7109477000777,1875.7945688000182
349,Success,1878.8139402000234,1878.8145495000063,1879.098631400033,1880.1820223000832
350,Success,1883.2020073999884,1883.2032751999795,1883.2038982000668,1884.2694722000742
351,Success,1887.2883252000902,1887.2891122000292,1887.5240630999906,1888.6073351000668
352,Success,1891.626643900061,1891.627402300015,1891.628055499983,1892.6950668999925
353,Success,1895.7146937000798,1895.7152902000817,1895.715818000026,1896.781946400064
354,Success,1899.8015115000308,1899.8024233999895,1899.8030440000584,1900.8697050000774
355,Success,1903.888330899994,1903.8890237000305,1903.8894961000187,1904.9571110000834
356,Success,1907.9768389000092,1907.9774910000851,1907.9780980000505,1909.0612980000442
357,Success,1912.0820293000434,1912.0828058000188,1912.1818360000616,1913.247932300088
358,Success,1916.2675760000711,1916.26823590009,1916.2687236000784,1917.3534844000824
359,Success,1920.372563400073,1920.3736461000517,1920.3741014000261,1921.4571591999847
360,Success,1924.4768084000098,1924.477381600067,1924.4778907999862,1925.5449588000774
361,Success,1928.564740800066,1928.565412200056,1928.5659274000209,1929.647695700056
362,Success,1932.6675870000618,1932.6681927000172,1932.6686750000808,1933.7527150000678
363,Success,1936.7726040000562,1936.7737145000137,1936.8892754000844,1937.9572598000523
364,Success,1940.9770592000568,1940.9776960000163,1940.9782038000412,1942.0451425000792
365,Success,1945.0644419000018,1945.0650524999946,1945.0655441000126,1946.1318386000348
366,Success,1949.1515679000877,1949.1522797000362,1949.3686807000777,1950.45323069999
367,Success,1953.4727321000537,1953.4736746000126,1953.7564298000652,1954.8074246000033
368,Success,1957.8272847000044,1957.8282228000462,1957.828821400064,1958.8954752000282
369,Success,1961.9149672000203,1961.9154719000217,1961.915922800079,1962.9981431000633
370,Success,1966.0180220000912,1966.0186959999846,1966.0191910000285,1967.1031548000174
371,Success,1970.1227933000773,1970.1237132999813,1970.1242061000085,1971.1909381999867
372,Success,1974.210252800025,1974.210895300028,1974.2114282000111,1975.277259399998
373,Success,1978.2968610000098,1978.2974945000606,1978.2980364999967,1979.38222150004
374,Success,1982.4017818000866,1982.4024452000158,1982.4031696000602,1983.4699059000704
375,Success,1986.4884844000917,1986.4891859000782,1986.5903122000163,1987.6573247000342
376,Success,1990.6769933000905,1990.6776312000584,1990.6781590000028,1991.7615089000901
377,Success,1994.7811139000114,1994.7818917999975,1994.8977137000766,1995.9648800999857
378,Success,1998.9845259999856,1998.9852944000158,1998.9857844000217,2000.0531357000582
379,Success,2003.072892300086,2003.074255399988,2003.0747238000622,2004.1573628000915
380,Success,2007.177229300025,2007.1787153000478,2007.4613844000269,2008.5275982000167
381,Success,2011.5471890000626,2011.5477020000108,2011.5481806000462,2012.6325889000436
382,Success,2015.6533456000034,2015.6540317999898,2015.9202374999877,2016.9870472000912
383,Success,2020.0065763000166,2020.00756440009,2020.325016100076,2021.3913772000233
384,Success,2024.4110039999941,2024.411683500046,2024.4452067000093,2025.5120591000887
385,Success,2028.531653400045,2028.5323147000745,2028.5328594000312,2029.599795700051
386,Success,2032.618467500084,2032.619253700017,2032.8705816000002,2033.9384791000048
387,Success,2036.9572299000574,2036.9578905000817,2037.1754654999822,2038.2419401000952
388,Success,2041.2623558000196,2041.263308600057,2041.496109000058,2042.578487800085
389,Success,2045.5981220999965,2045.5987644999987,2045.6658642999828,2046.7177644000622
390,Success,2049.735904900008,2049.736546900007,2049.737163300044,2050.8046336000552
391,Success,2053.8240800000494,2053.824946000008,2053.8255895000184,2054.9076595000224
392,Success,2057.9274678000947,2057.9281117999926,2058.128436100087,2059.179641900002
393,Success,2062.1982826000312,2062.1990215000696,2062.199561699992,2063.2672335000243
394,Success,2066.2858079000143,2066.286481600022,2066.2870083000744,2067.354926500004
395,Success,2070.3739927000133,2070.3748093000613,2070.6919269000646,2071.7578262999887
396,Success,2074.778224700014,2074.778915300034,2075.0629254999803,2076.130198400002
397,Success,2079.1496700000716,2079.150367300026,2079.3164772000164,2080.3678629000206
398,Success,2083.389199800091,2083.389883100055,2083.837414000067,2084.9049779000925
399,Success,2087.9252168000676,2087.9259940000484,2088.2587844000664,2089.310081999982
400,Success,2092.3297674000496,2092.330460300087,2092.5643041000003,2093.6479477999965
401,Success,2096.6674415000016,2096.668135600048,2096.668671200052,2097.7518707000418
402,Success,2100.7714643999934,2100.77210000006,2101.82331430004,2102.890413300018
403,Success,2105.910030000028,2105.9106182000833,2106.244658800075,2107.311578400084
404,Success,2110.331235800055,2110.3319308999926,2110.565912100021,2111.6327837000135
405,Success,2114.6522173000267,2114.652771400055,2115.0189605000196,2116.0702661999967
406,Success,2125.6960248000687,2125.6967011999805,2125.915359200095,2127.097255800036
407,Success,2130.1179370000027,2130.118507700041,2130.4021973999916,2131.5527671000455
408,Success,2134.5726891000522,2134.5732858000556,2134.788903900073,2135.941210200079
409,Success,2138.960152600077,2138.9607090000063,2139.010621900088,2140.1770182000473
410,Success,2143.197874500067,2143.198451000033,2143.3817070000805,2144.5324851000914
411,Success,2147.5530542000197,2147.55408780009,2147.768782100058,2148.920406399993
412,Success,2151.9399684000527,2151.9404409000417,2151.9409561000066,2153.1083194999956
413,Success,2156.1279115000507,2156.1284881000174,2156.260549300001,2157.4287100000074
414,Success,2160.4476011000806,2160.448147700052,2160.7651213000063,2161.9336783000035
415,Success,2164.952961400035,2164.953473899979,2165.1540003999835,2166.3383073000005
416,Success,2169.3577231999952,2169.358252600068,2169.4915937000187,2170.6745436000638
417,Success,2173.6941930000903,2173.6947685000487,2173.912707300042,2175.063617900014
418,Break,2178.0828196000075,2178.083361100056,2178.0838314000284,2179.368148599984
419,Break,2182.3875419000397,2182.3881057000253,2184.539294200018,2185.3905484999996
420,Success,2188.4090773999924,2188.4096294000046,2188.5946751000592,2189.777260200004
421,Success,2192.7985230000922,2192.799140100018,2193.2662254000315,2194.4331316000316
422,Success,2197.452589399996,2197.4530988000333,2197.803749700077,2198.970821200055
423,Success,2201.9910923000425,2201.9916772000724,2202.259091200074,2203.4418303000275
424,Success,2206.4619115000824,2206.462561000022,2206.6782773000887,2207.8457111000316
425,Success,2210.865298400051,2210.8664250000147,2211.13363070006,2212.3007814000593
426,Success,2215.320442800061,2215.321022100048,2215.6552004000405,2216.8220287000295
427,Success,2219.8420158000663,2219.8426019999897,2220.0425791000016,2221.2099447000073
428,Success,2224.2287332999986,2224.2293349000392,2224.4969958000584,2225.647958500078
429,Success,2228.6676429000217,2228.6682284000563,2228.868674300029,2230.0523828000296
430,Success,2233.07182000007,2233.0723666000413,2233.122977400082,2234.3058963000076
431,Success,2237.325212100055,2237.3260367000476,2237.5105425000656,2238.6768486000365
432,Success,2241.696662600036,2241.6971953000175,2241.697684200015,2242.8646193000022
433,Break,2245.884860499995,2245.8853760000784,2246.085964200087,2247.0350862999912
434,Success,2250.0547084000427,2250.0553302000044,2250.0558182999957,2251.2237659000093
435,Success,2254.2437885000836,2254.2444600000745,2254.5443062999984,2255.7115359000163
436,Success,2258.731584800058,2258.732213100069,2258.864813400083,2260.0325333999936
437,Success,2263.0534491,2263.0539834999945,2263.0544942000415,2264.2200539000332
438,Success,2267.239721500082,2267.240257500089,2267.506621800014,2268.6744155000197
439,Success,2271.6948084000032,2271.6958814000245,2272.0456091000233,2273.228096100036
440,Success,2276.248148599989,2276.248796000029,2276.548945900053,2277.7162399000954
441,Success,2280.7356818000553,2280.7366131000454,2280.9200902000302,2282.087298300001
442,Success,2285.107835300034,2285.1083706000354,2285.307933300035,2286.475053800037
443,Success,2289.4945946000516,2289.4950958000263,2289.6788708000677,2290.830368300085
444,Success,2293.8499082000926,2293.8505004000617,2293.850991800078,2295.0180402999977
445,Success,2298.037883699988,2298.038458300056,2298.188750700094,2299.354960100027
446,Success,2302.375323400018,2302.375880900072,2302.376384800067,2303.5432968999958
447,Success,2306.5627043000422,2306.5632529000286,2306.5637454000534,2307.7305865000235
448,Success,2310.7505138000706,2310.75109600008,2310.984848699998,2312.1354364000726
449,Success,2315.1563779000426,2315.157294500037,2315.3723116000183,2316.5232029000763
450,Success,2319.542577699991,2319.543177900021,2319.54365170002,2320.710423700046
451,Success,2323.729962500045,2323.7304944000207,2323.7309877000516,2324.897478500032
452,Success,2327.9180920000654,2327.918758200016,2327.919319299981,2329.102481400012
453,Success,2332.1220036000013,2332.1227652999805,2332.1232857999858,2333.289945500088
454,Break,2336.308944700053,2336.3097306999844,2336.3101893999847,2337.126517100027
455,Success,2340.145767900045,2340.1463411999866,2340.1469598000403,2341.3313629000913
456,Success,2344.351020800066,2344.3515959000215,2344.4851675999817,2345.651322400081
457,Success,2348.671859299997,2348.672392999986,2348.6728696000064,2349.823404200026
458,Success,2352.8430212000385,2352.8435828000074,2353.160639400012,2354.3112429000903
459,Success,2357.331773300073,2357.332592300023,2357.5488497000188,2358.732401999994
460,Success,2361.7605048000114,2361.761244000052,2362.0787283000536,2363.2608721000142
461,Success,2366.281877500005,2366.2827230000403,2366.666018899996,2367.8330423000734
462,Success,2370.853317100089,2370.8539246000582,2371.10427120002,2372.2718993000453
463,Success,2375.2904956000857,2375.291110399994,2375.4918388000224,2376.675616700086
464,Success,2379.695110999979,2379.6958073000424,2379.69629360002,2380.878823200008
465,Success,2383.898477900075,2383.8990855000447,2384.0497974000173,2385.2177711999975
466,Success,2388.236223199987,2388.2368320000824,2388.4714431000175,2389.6545711000217
467,Success,2392.674966700026,2392.6755547000794,2392.6760416000616,2393.858540300047
468,Break,2396.878879700089,2396.8795521000866,2396.9128405000083,2397.645698000095
469,Success,2400.6655935000163,2400.666543700034,2400.9664398999885,2402.1184954000637
470,Success,2405.137538800016,2405.1381906000897,2405.338927700068,2406.522177100065
471,Break,2409.54175590002,2409.5423294000793,2411.311609500088,2412.128043500008
472,Success,2415.1485590999946,2415.1493412000127,2415.331889800029,2416.4985938000027
473,Success,2419.5176845000824,2419.518635299988,2419.519110299996,2420.7030331999995
474,Success,2423.722898100037,2423.723459700006,2424.0241214000853,2425.2068575000158
475,Success,2428.22846090002,2428.2290865000105,2428.4790852000006,2429.6456799000734
476,Success,2432.665428300039,2432.665972799994,2432.6664403000614,2433.8330658000195
477,Success,2436.8528700000606,2436.8534142000135,2436.853892700048,2438.0221450000536
478,Success,2441.0410173999844,2441.041622900055,2441.2080833000364,2442.3755046000006
479,Success,2445.394944000058,2445.395518000005,2445.5624839999946,2446.7452242000727
480,Success,2449.7648906999966,2449.765512400074,2449.766002300079,2450.9336540000513
481,Success,2453.9535144000547,2453.9542242999887,2453.954719100031,2455.138015100034
482,Success,2458.1585758000147,2458.1593439000426,2458.459055799991,2459.624961600057
483,Success,2462.6457208000356,2462.646245400072,2462.845545200049,2463.9965889999876
484,Success,2467.0156601000344,2467.016253300011,2467.2844348000363,2468.468182899989
485,Success,2471.488829800044,2471.4895020000404,2471.755597500014,2472.9228051999817
486,Success,2475.9427513000555,2475.9436759999953,2476.1431158999912,2477.2938988000387
487,Success,2480.313267200021,2480.3138970000437,2480.3143879000563,2481.481405800092
488,Success,2484.501384000061,2484.501927300007,2484.7520761000924,2485.9352907000575
489,Success,2488.95560700004,2488.956185100018,2489.1391357000684,2490.290590599994
490,Success,2493.309144900064,2493.3096942000557,2493.543887500069,2494.6946745000314
491,Success,2497.7144519999856,2497.7150403000414,2497.7155137000373,2498.89784520003
492,Success,2501.9180737000424,2501.9190710000694,2502.519326300011,2503.670395000023
493,Success,2506.689344900078,2506.6898881000234,2506.6903518000618,2507.857988300035
494,Success,2510.877987200045,2510.878883600002,2511.0952778999927,2512.2622568000806
495,Success,2515.2819778000703,2515.282541600056,2515.2830232999986,2516.4492397999857
496,Success,2519.468752500019,2519.469469500007,2519.469939300092,2520.637522300007
497,Success,2523.6568444999866,2523.6579014000017,2523.8581945000915,2525.0253283000784
498,Success,2528.0448614000343,2528.045482699992,2528.0460091000423,2529.2126997000305
499,Success,2532.232360300026,2532.232894100016,2532.3157829000847,2533.4838705
500,Success,2536.5034802000737,2536.5040687000146,2536.5045395999914,2537.671481800033
501,Success,2540.6916624000296,2540.6922617000528,2540.874574000016,2542.0413586000213
502,Success,2542.2750969000626,2542.27567750006,2542.276179800043,2543.4616872000042
503,Success,2563.5381704000756,2563.5388496000087,2563.705809300067,2564.9739230000414
504,Success,2567.993673500023,2567.994237200008,2568.244568000082,2569.4953206999926
505,Success,2572.5149799000937,2572.5155230000382,2572.81608150003,2574.0831181000685
506,Success,2577.1026954000117,2577.103286800091,2577.2863084999844,2578.537677400047
507,Success,2581.556530300062,2581.557106400025,2582.526075400063,2583.8086481000064
508,Success,2586.8285102000227,2586.829106900026,2587.129183500074,2588.3810512000928
509,Success,2591.4007494000252,2591.401426900062,2591.651615299983,2592.9177447999828
510,Success,2595.9376101000234,2595.938356700004,2596.273147800006,2597.540542700095
511,Success,2600.559078900027,2600.559631500044,2600.9113330000546,2602.178622000036
512,Success,2605.197781600058,2605.1983782000607,2605.499018700095,2606.765207700082
513,Success,2609.784946500091,2609.785623200005,2609.969110300066,2611.220664900029
514,Success,2614.2404830000596,2614.241026500007,2614.4747132000048,2615.7253550000023
515,Success,2618.7448209000286,2618.7453883000417,2618.87903489999,2620.162916400004
516,Success,2623.182543400093,2623.183120700065,2623.366006000084,2624.618082800065
517,Success,2627.63684260007,2627.637503200094,2627.9553793000523,2629.2225316000404
518,Success,2632.2419103999855,2632.242449500016,2632.4433863000013,2633.7091501000104
519,Success,2636.7289998000488,2636.729586700094,2636.7300786999986,2637.997798800003
520,Success,2641.0163842000766,2641.016930300044,2641.0174022000283,2642.2854840999935
521,Success,2645.305087900022,2645.3057041000575,2645.306251400034,2646.588720400003
522,Success,2649.60838520003,2649.6090628000675,2649.6095750000095,2650.876608600025
523,Success,2653.896046500071,2653.896544600022,2653.897020400036,2655.1484432000434
524,Success,2658.1685231000884,2658.1691194000887,2658.169616100029,2659.4520698999986
525,Success,2662.472513100016,2662.473092,2663.1236713000108,2664.3743590000086
526,Success,2667.393843000056,2667.394393500057,2667.394878500025,2668.6621569000417
527,Success,2671.682078300044,2671.682741100085,2671.832628800068,2673.0834756999975
528,Success,2676.1036083000945,2676.1042292000493,2676.3538801000686,2677.6213576000882
529,Success,2680.6409034000244,2680.641512000002,2680.642008100054,2681.9257588000037
530,Success,2684.945504500065,2684.9460296999896,2685.228486399981,2686.479136800044
531,Success,2689.4989342000335,2689.4996154999826,2689.816507200012,2691.0681083999807
532,Success,2694.087773700012,2694.0883492000867,2694.205382800079,2695.488086800091
533,Success,2698.5079204000067,2698.508460300043,2698.809028299991,2700.0602604000596
534,Success,2703.079260800034,2703.079806199996,2703.0803037000587,2704.331456899992
535,Success,2707.351138900034,2707.3519009000156,2707.352378300042,2708.635865200078
536,Success,2711.6561823000666,2711.656847700011,2714.5921040000394,2715.8434511000523
537,Success,2718.862826900091,2718.8633592000697,2719.2799618000863,2720.547821699991
538,Success,2723.566891500028,2723.567441100022,2723.8351337000495,2725.085880800034
539,Success,2728.1053845999995,2728.1059165000916,2728.106392899994,2729.389261000091
540,Success,2732.4089558999985,2732.4095915000653,2732.794321399997,2734.061940100044
541,Success,2737.082116400008,2737.08267360006,2737.282722200034,2738.565145200002
542,Success,2741.5859176000813,2741.5865170999896,2741.768924300093,2743.020272499998
543,Success,2746.0391926000593,2746.0398664000677,2746.2567423,2747.5086566000246
544,Break,2750.52826739999,2750.5289727000054,2750.662796700024,2751.546163800056
545,Success,2754.565698600025,2754.566243999987,2754.5667110000504,2755.833469800069
546,Success,2758.8536136000184,2758.8544346999843,2758.854920700076,2760.1210806000745
547,Break,2763.1408224999905,2763.141401800094,2763.4250825000927,2763.8926305000205
548,Success,2766.9116775,2766.9122937000357,2767.329507400049,2768.613097100053
549,Success,2771.6335091000656,2771.634223500034,2771.9841257000808,2773.2510647000745
550,Success,2776.2706134000327,2776.271251600003,2776.58863750007,2777.855877700029
551,Success,2780.875503999996,2780.876137000043,2781.1935098000104,2782.4604118000716
552,Break,2785.478911400074,2785.4795235000784,2785.730021000025,2786.2642367000226
553,Success,2789.284354800009,2789.284990000073,2789.718821900082,2791.0023288000375
554,Success,2794.0218018000014,2794.022356200032,2796.0417053999845,2797.325460400083
555,Success,2800.345153600094,2800.3457455000607,2800.746521400055,2802.0134862000123
556,Success,2805.0339861999964,2805.0345663999906,2805.3845407000044,2806.6515576000093
557,Success,2809.671253700042,2809.6720953000477,2809.6725562000647,2810.9561822999967
558,Success,2813.975773400045,2813.9763474999927,2814.2589645000407,2815.510366900009
559,Success,2818.5294818000402,2818.5304781000596,2819.0472770000342,2820.3164474000223
560,Success,2823.3350182999857,2823.3355555000016,2823.3360235000728,2824.6185444000876
561,NoFix,2827.573695900035,2827.5743918999797,,2832.5942674999824
