Time,Gaze_Target_X,Gaze_Target_Y
2.198445,-999.000000,-999.000000
2.205922,-999.000000,-999.000000
2.231878,-999.000000,-999.000000
2.254140,-999.000000,-999.000000
2.263721,-999.000000,-999.000000
2.285523,-999.000000,-999.000000
2.303824,-999.000000,-999.000000
2.323781,-999.000000,-999.000000
2.354928,-999.000000,-999.000000
2.365320,-999.000000,-999.000000
2.385490,-999.000000,-999.000000
2.404203,-999.000000,-999.000000
2.423737,-999.000000,-999.000000
2.454125,-999.000000,-999.000000
2.464769,-999.000000,-999.000000
2.491517,-999.000000,-999.000000
2.504736,-999.000000,-999.000000
2.531199,-999.000000,-999.000000
2.544794,-999.000000,-999.000000
2.565360,-999.000000,-999.000000
2.585417,-999.000000,-999.000000
2.606322,-999.000000,-999.000000
2.624248,-999.000000,-999.000000
2.654671,-999.000000,-999.000000
2.663773,-999.000000,-999.000000
2.684515,-999.000000,-999.000000
2.714456,-999.000000,-999.000000
2.724488,-999.000000,-999.000000
2.744170,-999.000000,-999.000000
2.764273,-999.000000,-999.000000
2.794391,-999.000000,-999.000000
2.803740,-999.000000,-999.000000
2.825303,-999.000000,-999.000000
2.855613,-999.000000,-999.000000
2.864842,-999.000000,-999.000000
2.884098,-999.000000,-999.000000
2.903000,-999.000000,-999.000000
2.926881,-999.000000,-999.000000
2.945938,-999.000000,-999.000000
2.964071,-999.000000,-999.000000
2.992298,-999.000000,-999.000000
3.012882,-999.000000,-999.000000
3.031067,-999.000000,-999.000000
3.044596,-999.000000,-999.000000
3.070966,-999.000000,-999.000000
3.093603,-999.000000,-999.000000
3.104239,-999.000000,-999.000000
3.132433,-999.000000,-999.000000
3.144848,-999.000000,-999.000000
3.174368,-999.000000,-999.000000
3.184630,-999.000000,-999.000000
3.204839,-999.000000,-999.000000
3.234522,-999.000000,-999.000000
3.244394,-999.000000,-999.000000
3.271686,-999.000000,-999.000000
3.291589,-999.000000,-999.000000
3.306243,-999.000000,-999.000000
3.324761,-999.000000,-999.000000
3.342557,-999.000000,-999.000000
3.371664,-999.000000,-999.000000
3.386629,-999.000000,-999.000000
3.405071,-999.000000,-999.000000
3.433866,-999.000000,-999.000000
3.452687,-999.000000,-999.000000
3.474009,-999.000000,-999.000000
3.492731,-999.000000,-999.000000
3.511087,-999.000000,-999.000000
3.523895,-999.000000,-999.000000
3.544960,-999.000000,-999.000000
3.572203,-999.000000,-999.000000
3.596238,-999.000000,-999.000000
3.604859,-999.000000,-999.000000
3.632714,-999.000000,-999.000000
3.655572,-999.000000,-999.000000
3.674789,-999.000000,-999.000000
3.684239,-999.000000,-999.000000
3.711487,-999.000000,-999.000000
3.734310,-999.000000,-999.000000
3.751248,-999.000000,-999.000000
3.775777,-999.000000,-999.000000
3.784555,-999.000000,-999.000000
3.811941,-999.000000,-999.000000
3.831265,-999.000000,-999.000000
3.843942,-999.000000,-999.000000
3.873103,-999.000000,-999.000000
3.882727,-999.000000,-999.000000
3.903223,-999.000000,-999.000000
3.924526,-999.000000,-999.000000
3.953454,-999.000000,-999.000000
3.973382,-999.000000,-999.000000
3.991478,-999.000000,-999.000000
4.003077,-999.000000,-999.000000
4.031424,-999.000000,-999.000000
4.042629,-999.000000,-999.000000
4.071134,-999.000000,-999.000000
4.085007,-999.000000,-999.000000
4.105912,-999.000000,-999.000000
4.123886,-999.000000,-999.000000
4.152074,-999.000000,-999.000000
4.163347,-999.000000,-999.000000
4.191921,-999.000000,-999.000000
4.204826,-999.000000,-999.000000
4.234627,-999.000000,-999.000000
4.245690,-999.000000,-999.000000
4.264381,-999.000000,-999.000000
4.291080,-999.000000,-999.000000
4.304880,-999.000000,-999.000000
4.323578,-999.000000,-999.000000
4.346435,-999.000000,-999.000000
4.374167,-999.000000,-999.000000
4.384172,-999.000000,-999.000000
4.404186,-999.000000,-999.000000
4.431084,-999.000000,-999.000000
4.446221,-999.000000,-999.000000
4.465396,-999.000000,-999.000000
4.494911,-999.000000,-999.000000
4.504445,-999.000000,-999.000000
4.522881,-999.000000,-999.000000
4.556535,-999.000000,-999.000000
4.571635,-999.000000,-999.000000
4.592551,-999.000000,-999.000000
4.603875,-999.000000,-999.000000
4.631285,-999.000000,-999.000000
4.650896,-999.000000,-999.000000
4.674669,-999.000000,-999.000000
4.684338,-999.000000,-999.000000
4.703283,-999.000000,-999.000000
4.724727,-999.000000,-999.000000
4.743716,-999.000000,-999.000000
4.771560,-999.000000,-999.000000
4.793764,-999.000000,-999.000000
4.812229,-999.000000,-999.000000
4.826462,-999.000000,-999.000000
4.843079,-999.000000,-999.000000
4.865276,-999.000000,-999.000000
4.884178,-999.000000,-999.000000
4.904306,-999.000000,-999.000000
4.923875,-999.000000,-999.000000
4.954166,-999.000000,-999.000000
4.963347,-999.000000,-999.000000
4.983301,-999.000000,-999.000000
5.011300,-999.000000,-999.000000
5.025295,-999.000000,-999.000000
5.043329,-999.000000,-999.000000
5.063421,-999.000000,-999.000000
5.084604,-999.000000,-999.000000
5.104111,-999.000000,-999.000000
5.125624,-999.000000,-999.000000
5.143300,-999.000000,-999.000000
5.165286,-999.000000,-999.000000
5.195459,-999.000000,-999.000000
5.206434,-999.000000,-999.000000
5.226071,-999.000000,-999.000000
5.244765,-999.000000,-999.000000
5.272521,-999.000000,-999.000000
5.292395,-999.000000,-999.000000
5.311588,-999.000000,-999.000000
5.333290,-999.000000,-999.000000
5.342892,-999.000000,-999.000000
5.374041,-999.000000,-999.000000
5.383601,-999.000000,-999.000000
5.414649,-999.000000,-999.000000
5.426545,-999.000000,-999.000000
5.445828,-999.000000,-999.000000
5.464588,-999.000000,-999.000000
5.491262,-999.000000,-999.000000
5.505502,-999.000000,-999.000000
5.524689,-999.000000,-999.000000
5.542908,-999.000000,-999.000000
5.571331,-999.000000,-999.000000
5.585471,-999.000000,-999.000000
5.605316,-999.000000,-999.000000
5.625433,-999.000000,-999.000000
5.654287,-999.000000,-999.000000
5.664257,-999.000000,-999.000000
5.686021,-999.000000,-999.000000
5.712283,-999.000000,-999.000000
5.733107,-999.000000,-999.000000
5.746636,-999.000000,-999.000000
5.772101,-999.000000,-999.000000
5.792624,-999.000000,-999.000000
5.812102,-999.000000,-999.000000
5.825734,-999.000000,-999.000000
5.855568,-999.000000,-999.000000
5.865150,-999.000000,-999.000000
5.884837,-999.000000,-999.000000
5.914625,-999.000000,-999.000000
5.925318,-999.000000,-999.000000
5.951779,-999.000000,-999.000000
5.965728,-999.000000,-999.000000
5.991830,-999.000000,-999.000000
6.013889,-999.000000,-999.000000
6.032549,-999.000000,-999.000000
6.052421,-999.000000,-999.000000
6.073566,-999.000000,-999.000000
6.092398,-999.000000,-999.000000
6.105702,-999.000000,-999.000000
6.126250,-999.000000,-999.000000
6.153588,-999.000000,-999.000000
6.171289,-999.000000,-999.000000
6.192797,-999.000000,-999.000000
6.211456,-999.000000,-999.000000
6.231624,-999.000000,-999.000000
6.255967,-999.000000,-999.000000
6.264264,-999.000000,-999.000000
6.291101,-999.000000,-999.000000
6.305701,-999.000000,-999.000000
6.323968,-999.000000,-999.000000
6.344230,-999.000000,-999.000000
6.366052,-999.000000,-999.000000
6.384867,-999.000000,-999.000000
6.410948,-999.000000,-999.000000
6.424194,-999.000000,-999.000000
6.451598,-999.000000,-999.000000
6.464984,-999.000000,-999.000000
6.484176,-999.000000,-999.000000
6.506566,-999.000000,-999.000000
6.533863,-999.000000,-999.000000
6.553791,-999.000000,-999.000000
6.564055,-999.000000,-999.000000
6.591981,-999.000000,-999.000000
6.613782,-999.000000,-999.000000
6.631600,-999.000000,-999.000000
6.645685,-999.000000,-999.000000
6.663993,-999.000000,-999.000000
6.685129,-999.000000,-999.000000
6.703581,-999.000000,-999.000000
6.725491,-999.000000,-999.000000
6.743801,-999.000000,-999.000000
6.774964,-999.000000,-999.000000
6.794819,-999.000000,-999.000000
6.813421,-999.000000,-999.000000
6.831271,-999.000000,-999.000000
6.845131,-999.000000,-999.000000
6.864399,-999.000000,-999.000000
6.893119,-999.000000,-999.000000
6.914834,-999.000000,-999.000000
6.932716,-999.000000,-999.000000
6.951279,-999.000000,-999.000000
6.973554,-999.000000,-999.000000
6.992028,-999.000000,-999.000000
7.006125,-999.000000,-999.000000
7.024360,-999.000000,-999.000000
7.051276,-999.000000,-999.000000
7.074781,-999.000000,-999.000000
7.084283,-999.000000,-999.000000
7.104186,-999.000000,-999.000000
7.135921,-999.000000,-999.000000
7.144645,-999.000000,-999.000000
7.164128,-999.000000,-999.000000
7.192700,-999.000000,-999.000000
7.211901,-999.000000,-999.000000
7.233630,-999.000000,-999.000000
7.252783,-999.000000,-999.000000
7.272406,-999.000000,-999.000000
7.294396,-999.000000,-999.000000
7.305507,-999.000000,-999.000000
7.330858,-999.000000,-999.000000
7.345087,-999.000000,-999.000000
7.372701,-999.000000,-999.000000
7.385744,-999.000000,-999.000000
7.416007,-999.000000,-999.000000
7.430899,-999.000000,-999.000000
7.453367,-999.000000,-999.000000
7.474845,-999.000000,-999.000000
7.484746,-999.000000,-999.000000
7.504034,-999.000000,-999.000000
7.524804,-999.000000,-999.000000
7.552902,-999.000000,-999.000000
7.576093,-999.000000,-999.000000
7.591455,-999.000000,-999.000000
7.605636,-999.000000,-999.000000
7.632741,-999.000000,-999.000000
7.652843,-999.000000,-999.000000
7.672641,-999.000000,-999.000000
7.691282,-999.000000,-999.000000
7.706158,-999.000000,-999.000000
7.724948,-999.000000,-999.000000
7.751879,-999.000000,-999.000000
7.764889,-999.000000,-999.000000
7.791483,-999.000000,-999.000000
7.812205,-999.000000,-999.000000
7.831735,-999.000000,-999.000000
7.847063,-999.000000,-999.000000
7.874005,-999.000000,-999.000000
7.884944,-999.000000,-999.000000
7.904126,-999.000000,-999.000000
7.931471,-999.000000,-999.000000
7.945345,-999.000000,-999.000000
7.964624,-999.000000,-999.000000
7.984616,-999.000000,-999.000000
8.013920,-999.000000,-999.000000
8.032931,-999.000000,-999.000000
8.051275,-999.000000,-999.000000
8.065691,-999.000000,-999.000000
8.091505,-999.000000,-999.000000
8.114434,-999.000000,-999.000000
8.123493,-999.000000,-999.000000
8.154520,-999.000000,-999.000000
8.171267,-999.000000,-999.000000
8.193635,-999.000000,-999.000000
8.215953,-999.000000,-999.000000
8.226596,-999.000000,-999.000000
8.244420,-999.000000,-999.000000
8.275430,-999.000000,-999.000000
8.292543,-999.000000,-999.000000
8.306008,-999.000000,-999.000000
8.333117,-999.000000,-999.000000
8.351608,-999.000000,-999.000000
8.374737,-999.000000,-999.000000
8.394023,-999.000000,-999.000000
8.414482,-999.000000,-999.000000
8.424101,-999.000000,-999.000000
8.446643,-999.000000,-999.000000
8.473039,-999.000000,-999.000000
8.494954,-999.000000,-999.000000
8.504495,-999.000000,-999.000000
8.526434,-999.000000,-999.000000
8.545175,-999.000000,-999.000000
8.572155,-999.000000,-999.000000
8.585201,-999.000000,-999.000000
8.604996,-999.000000,-999.000000
8.634057,-999.000000,-999.000000
8.643743,-999.000000,-999.000000
8.671158,-999.000000,-999.000000
8.693534,-999.000000,-999.000000
8.711780,-999.000000,-999.000000
8.731948,-999.000000,-999.000000
8.745516,-999.000000,-999.000000
8.775341,-999.000000,-999.000000
8.784261,-999.000000,-999.000000
8.812857,-999.000000,-999.000000
8.832897,-999.000000,-999.000000
8.851631,-999.000000,-999.000000
8.864625,-999.000000,-999.000000
8.884178,-999.000000,-999.000000
8.911190,-999.000000,-999.000000
8.924406,-999.000000,-999.000000
8.954877,-999.000000,-999.000000
8.972726,-999.000000,-999.000000
8.993462,-999.000000,-999.000000
9.011659,-999.000000,-999.000000
9.035060,-999.000000,-999.000000
9.055026,-999.000000,-999.000000
9.074274,-999.000000,-999.000000
9.084349,-999.000000,-999.000000
9.104201,-999.000000,-999.000000
9.131633,-999.000000,-999.000000
9.154368,-999.000000,-999.000000
9.173382,-999.000000,-999.000000
9.191954,-999.000000,-999.000000
9.206416,-999.000000,-999.000000
9.234103,-999.000000,-999.000000
9.243685,-999.000000,-999.000000
9.274759,-999.000000,-999.000000
9.283946,-999.000000,-999.000000
9.305139,-999.000000,-999.000000
9.331455,-999.000000,-999.000000
9.345404,-999.000000,-999.000000
9.372865,-999.000000,-999.000000
9.391357,-999.000000,-999.000000
9.412228,-999.000000,-999.000000
9.431908,-999.000000,-999.000000
9.453735,-999.000000,-999.000000
9.472693,-999.000000,-999.000000
9.493504,-999.000000,-999.000000
9.511380,-999.000000,-999.000000
9.524595,-999.000000,-999.000000
9.551586,-999.000000,-999.000000
9.571700,-999.000000,-999.000000
9.593279,-999.000000,-999.000000
9.614393,-999.000000,-999.000000
9.625771,-999.000000,-999.000000
9.651770,-999.000000,-999.000000
9.674348,-999.000000,-999.000000
9.684116,-999.000000,-999.000000
9.713497,-999.000000,-999.000000
9.731339,-999.000000,-999.000000
9.746824,-999.000000,-999.000000
9.771973,-999.000000,-999.000000
9.795102,-999.000000,-999.000000
9.804082,-999.000000,-999.000000
9.823550,-999.000000,-999.000000
9.846332,-999.000000,-999.000000
9.864376,-999.000000,-999.000000
9.882653,-999.000000,-999.000000
9.903766,-999.000000,-999.000000
9.934169,-999.000000,-999.000000
9.943904,-999.000000,-999.000000
9.963762,-999.000000,-999.000000
9.994448,-999.000000,-999.000000
10.005252,-999.000000,-999.000000
10.034704,-999.000000,-999.000000
10.044479,-999.000000,-999.000000
10.074656,-999.000000,-999.000000
10.084561,-999.000000,-999.000000
10.110977,-999.000000,-999.000000
10.132141,-999.000000,-999.000000
10.146116,-999.000000,-999.000000
10.163949,-999.000000,-999.000000
10.194703,-999.000000,-999.000000
10.213488,-999.000000,-999.000000
10.231827,-999.000000,-999.000000
10.245294,-999.000000,-999.000000
10.275468,-999.000000,-999.000000
10.283996,-999.000000,-999.000000
10.312263,-999.000000,-999.000000
10.324605,-999.000000,-999.000000
10.351314,-999.000000,-999.000000
10.373626,-999.000000,-999.000000
10.391864,-999.000000,-999.000000
10.404547,-999.000000,-999.000000
10.431699,-999.000000,-999.000000
10.446427,-999.000000,-999.000000
10.465461,-999.000000,-999.000000
10.496753,-999.000000,-999.000000
10.514096,-999.000000,-999.000000
10.531376,-999.000000,-999.000000
10.546200,-999.000000,-999.000000
10.571941,-999.000000,-999.000000
10.591671,-999.000000,-999.000000
10.615146,-999.000000,-999.000000
10.634935,-999.000000,-999.000000
10.656033,-999.000000,-999.000000
10.665797,-999.000000,-999.000000
10.683391,-999.000000,-999.000000
10.715107,-999.000000,-999.000000
10.723564,-999.000000,-999.000000
10.746174,-999.000000,-999.000000
10.774685,-999.000000,-999.000000
10.792817,-999.000000,-999.000000
10.816135,-999.000000,-999.000000
10.832194,-999.000000,-999.000000
10.851166,-999.000000,-999.000000
10.875637,-999.000000,-999.000000
10.886248,-999.000000,-999.000000
10.904817,-999.000000,-999.000000
10.924528,-999.000000,-999.000000
10.951679,-999.000000,-999.000000
10.966009,-999.000000,-999.000000
10.984163,-999.000000,-999.000000
11.004314,-999.000000,-999.000000
11.033412,-999.000000,-999.000000
11.043521,-999.000000,-999.000000
11.062282,-999.000000,-999.000000
11.086124,-999.000000,-999.000000
11.105369,-999.000000,-999.000000
11.131889,-999.000000,-999.000000
11.144671,-999.000000,-999.000000
11.174700,-999.000000,-999.000000
11.195556,-999.000000,-999.000000
11.205057,-999.000000,-999.000000
11.224450,-999.000000,-999.000000
11.253585,-999.000000,-999.000000
11.262958,-999.000000,-999.000000
11.292772,-999.000000,-999.000000
11.316568,-999.000000,-999.000000
11.331299,-999.000000,-999.000000
11.346916,-999.000000,-999.000000
11.364210,-999.000000,-999.000000
11.393469,-999.000000,-999.000000
11.411730,-999.000000,-999.000000
11.425235,-999.000000,-999.000000
11.444509,-999.000000,-999.000000
11.464971,-999.000000,-999.000000
11.492897,-999.000000,-999.000000
11.504535,-999.000000,-999.000000
11.526396,-999.000000,-999.000000
11.544514,-999.000000,-999.000000
11.573428,-999.000000,-999.000000
11.592598,-999.000000,-999.000000
11.614970,-999.000000,-999.000000
11.633333,-999.000000,-999.000000
11.652172,-999.000000,-999.000000
11.665419,-999.000000,-999.000000
11.683452,-999.000000,-999.000000
11.715622,-999.000000,-999.000000
11.724684,-999.000000,-999.000000
11.743503,-999.000000,-999.000000
11.773001,-999.000000,-999.000000
11.784172,-999.000000,-999.000000
11.811183,-999.000000,-999.000000
11.834136,-999.000000,-999.000000
11.851261,-999.000000,-999.000000
11.866093,-999.000000,-999.000000
11.885785,-999.000000,-999.000000
11.904734,-999.000000,-999.000000
11.932459,-999.000000,-999.000000
11.943510,-999.000000,-999.000000
11.974672,-999.000000,-999.000000
11.994251,-999.000000,-999.000000
12.012043,-999.000000,-999.000000
12.024765,-999.000000,-999.000000
12.046379,-999.000000,-999.000000
12.072589,-999.000000,-999.000000
12.091140,-999.000000,-999.000000
12.105617,-999.000000,-999.000000
12.125537,-999.000000,-999.000000
12.145432,-999.000000,-999.000000
12.172662,-999.000000,-999.000000
12.194943,-999.000000,-999.000000
12.205785,-999.000000,-999.000000
12.224192,-999.000000,-999.000000
12.244025,-999.000000,-999.000000
12.274174,-999.000000,-999.000000
12.294751,-999.000000,-999.000000
12.304505,-999.000000,-999.000000
12.331587,-999.000000,-999.000000
12.344394,-999.000000,-999.000000
12.364196,-999.000000,-999.000000
12.391368,-999.000000,-999.000000
12.414544,-999.000000,-999.000000
12.425436,-999.000000,-999.000000
12.444771,-999.000000,-999.000000
12.475256,-999.000000,-999.000000
12.483939,-999.000000,-999.000000
12.511962,-999.000000,-999.000000
12.524977,-999.000000,-999.000000
12.551299,-999.000000,-999.000000
12.572719,-999.000000,-999.000000
12.584570,-999.000000,-999.000000
12.614301,-999.000000,-999.000000
12.633575,-999.000000,-999.000000
12.651982,-999.000000,-999.000000
12.673672,-999.000000,-999.000000
12.691392,-999.000000,-999.000000
12.705754,-999.000000,-999.000000
12.726711,-999.000000,-999.000000
12.744375,-999.000000,-999.000000
12.772711,-999.000000,-999.000000
12.791386,-999.000000,-999.000000
12.806333,-999.000000,-999.000000
12.831090,-999.000000,-999.000000
12.852015,-999.000000,-999.000000
12.865406,-999.000000,-999.000000
12.892221,-999.000000,-999.000000
12.915951,-999.000000,-999.000000
12.926114,-999.000000,-999.000000
12.953784,-999.000000,-999.000000
12.974922,-999.000000,-999.000000
12.992847,-999.000000,-999.000000
13.015667,-999.000000,-999.000000
13.026420,-999.000000,-999.000000
13.045946,-999.000000,-999.000000
13.065833,-999.000000,-999.000000
13.091507,-999.000000,-999.000000
13.112655,-999.000000,-999.000000
13.131544,-999.000000,-999.000000
13.145823,-999.000000,-999.000000
13.165252,-999.000000,-999.000000
13.184375,-999.000000,-999.000000
13.214326,-999.000000,-999.000000
13.224359,-999.000000,-999.000000
13.252580,-999.000000,-999.000000
13.266471,-999.000000,-999.000000
13.293510,-999.000000,-999.000000
13.303964,-999.000000,-999.000000
13.322989,-999.000000,-999.000000
13.351289,-999.000000,-999.000000
13.364894,-999.000000,-999.000000
13.394070,-999.000000,-999.000000
13.404564,-999.000000,-999.000000
13.433546,-999.000000,-999.000000
13.452126,-999.000000,-999.000000
13.464663,-999.000000,-999.000000
13.483828,-999.000000,-999.000000
13.502763,-999.000000,-999.000000
13.524957,-999.000000,-999.000000
13.544099,-999.000000,-999.000000
13.564300,-999.000000,-999.000000
13.592916,-999.000000,-999.000000
13.612052,-999.000000,-999.000000
13.631222,-999.000000,-999.000000
13.653797,-999.000000,-999.000000
13.673185,-999.000000,-999.000000
13.694471,-999.000000,-999.000000
13.713293,-999.000000,-999.000000
13.731759,-999.000000,-999.000000
13.755129,-999.000000,-999.000000
13.772961,-999.000000,-999.000000
13.795582,-999.000000,-999.000000
13.805964,-999.000000,-999.000000
13.825515,-999.000000,-999.000000
13.845282,-999.000000,-999.000000
13.864551,-999.000000,-999.000000
13.884290,-999.000000,-999.000000
13.905318,-999.000000,-999.000000
13.924515,-999.000000,-999.000000
13.955111,-999.000000,-999.000000
13.972753,-999.000000,-999.000000
13.991109,-999.000000,-999.000000
14.005006,-999.000000,-999.000000
14.024160,-999.000000,-999.000000
14.051906,-999.000000,-999.000000
14.072549,-999.000000,-999.000000
14.091580,-999.000000,-999.000000
14.106347,-999.000000,-999.000000
14.134041,-999.000000,-999.000000
14.151757,-999.000000,-999.000000
14.165600,-999.000000,-999.000000
14.191459,-999.000000,-999.000000
14.205212,-999.000000,-999.000000
14.232639,-999.000000,-999.000000
14.243365,-999.000000,-999.000000
14.272596,-999.000000,-999.000000
14.293696,-999.000000,-999.000000
14.312276,-999.000000,-999.000000
14.323189,-999.000000,-999.000000
14.344929,-999.000000,-999.000000
14.363508,-999.000000,-999.000000
14.386762,-999.000000,-999.000000
14.406398,-999.000000,-999.000000
14.431042,-999.000000,-999.000000
14.445147,-999.000000,-999.000000
14.474150,-999.000000,-999.000000
14.492233,-999.000000,-999.000000
14.514302,-999.000000,-999.000000
14.531919,-999.000000,-999.000000
14.544986,-999.000000,-999.000000
14.573959,-999.000000,-999.000000
14.594403,-999.000000,-999.000000
14.603767,-999.000000,-999.000000
14.635004,-999.000000,-999.000000
14.644890,-999.000000,-999.000000
14.664357,-999.000000,-999.000000
14.692595,-999.000000,-999.000000
14.711895,-999.000000,-999.000000
14.726469,-999.000000,-999.000000
14.744247,-999.000000,-999.000000
14.775038,-999.000000,-999.000000
14.793610,-999.000000,-999.000000
14.811578,-999.000000,-999.000000
14.832905,-999.000000,-999.000000
14.851315,-999.000000,-999.000000
14.864464,-999.000000,-999.000000
14.891422,-999.000000,-999.000000
14.903986,-999.000000,-999.000000
14.934108,-999.000000,-999.000000
14.953443,-999.000000,-999.000000
14.972336,-999.000000,-999.000000
14.991501,-999.000000,-999.000000
15.006460,-999.000000,-999.000000
15.024265,-999.000000,-999.000000
15.055686,-999.000000,-999.000000
15.071874,-999.000000,-999.000000
15.095995,-999.000000,-999.000000
15.104674,-999.000000,-999.000000
15.135108,-999.000000,-999.000000
15.155439,-999.000000,-999.000000
15.172663,-999.000000,-999.000000
15.195039,-999.000000,-999.000000
15.205342,-999.000000,-999.000000
15.223495,-999.000000,-999.000000
15.247060,-999.000000,-999.000000
15.273883,-999.000000,-999.000000
15.291183,-999.000000,-999.000000
15.314760,-999.000000,-999.000000
15.325090,-999.000000,-999.000000
15.356114,-999.000000,-999.000000
15.374495,-999.000000,-999.000000
15.393658,-999.000000,-999.000000
15.412386,-999.000000,-999.000000
15.435403,-999.000000,-999.000000
15.445823,-999.000000,-999.000000
15.463784,-999.000000,-999.000000
15.491322,-999.000000,-999.000000
15.504803,-999.000000,-999.000000
15.531736,-999.000000,-999.000000
15.551530,-999.000000,-999.000000
15.573599,-999.000000,-999.000000
15.592285,-999.000000,-999.000000
15.605657,-999.000000,-999.000000
15.625276,-999.000000,-999.000000
15.655701,-999.000000,-999.000000
15.665432,-999.000000,-999.000000
15.693258,-999.000000,-999.000000
15.711374,-999.000000,-999.000000
15.733724,-999.000000,-999.000000
15.751589,-999.000000,-999.000000
15.775628,-999.000000,-999.000000
15.785457,-999.000000,-999.000000
15.811712,-999.000000,-999.000000
15.824855,-999.000000,-999.000000
15.853785,-999.000000,-999.000000
15.863805,-999.000000,-999.000000
15.892856,-999.000000,-999.000000
15.914987,-999.000000,-999.000000
15.924199,-999.000000,-999.000000
15.953261,-999.000000,-999.000000
15.972733,-999.000000,-999.000000
15.991093,-999.000000,-999.000000
16.006173,-999.000000,-999.000000
16.035084,-999.000000,-999.000000
16.045552,-999.000000,-999.000000
16.072785,-999.000000,-999.000000
16.091351,-999.000000,-999.000000
16.112349,-999.000000,-999.000000
16.132732,-999.000000,-999.000000
16.151709,-999.000000,-999.000000
16.172366,-999.000000,-999.000000
16.194933,-999.000000,-999.000000
16.204893,-999.000000,-999.000000
16.232071,-999.000000,-999.000000
16.255136,-999.000000,-999.000000
16.264753,-999.000000,-999.000000
16.293620,-999.000000,-999.000000
16.311841,-999.000000,-999.000000
16.334683,-999.000000,-999.000000
16.344946,-999.000000,-999.000000
16.365809,-999.000000,-999.000000
16.384440,-999.000000,-999.000000
16.404248,-999.000000,-999.000000
16.432168,-999.000000,-999.000000
16.453534,-999.000000,-999.000000
16.472154,-999.000000,-999.000000
16.485024,-999.000000,-999.000000
16.511568,-999.000000,-999.000000
16.536248,-999.000000,-999.000000
16.553776,-999.000000,-999.000000
16.572228,-999.000000,-999.000000
16.585010,-999.000000,-999.000000
16.603607,-999.000000,-999.000000
16.626581,-999.000000,-999.000000
16.645284,-999.000000,-999.000000
16.665490,-999.000000,-999.000000
16.683852,-999.000000,-999.000000
16.716145,-999.000000,-999.000000
16.725007,-999.000000,-999.000000
16.754708,-999.000000,-999.000000
16.772399,-999.000000,-999.000000
16.792234,-999.000000,-999.000000
16.805815,-999.000000,-999.000000
16.831346,-999.000000,-999.000000
16.853716,-999.000000,-999.000000
16.874504,-999.000000,-999.000000
16.891514,-999.000000,-999.000000
16.903912,-999.000000,-999.000000
16.935467,-999.000000,-999.000000
16.953820,-999.000000,-999.000000
16.973799,-999.000000,-999.000000
16.984527,-999.000000,-999.000000
17.011892,-999.000000,-999.000000
17.026142,-999.000000,-999.000000
17.053788,-999.000000,-999.000000
17.071701,-999.000000,-999.000000
17.084374,-999.000000,-999.000000
17.114637,-999.000000,-999.000000
17.126784,-999.000000,-999.000000
17.151592,-999.000000,-999.000000
17.165576,-999.000000,-999.000000
17.191470,-999.000000,-999.000000
17.206998,-999.000000,-999.000000
17.226478,-999.000000,-999.000000
17.246394,-999.000000,-999.000000
17.264726,-999.000000,-999.000000
17.285016,-999.000000,-999.000000
17.311460,-999.000000,-999.000000
17.326760,-999.000000,-999.000000
17.355805,-999.000000,-999.000000
17.372628,-999.000000,-999.000000
17.385953,-999.000000,-999.000000
17.406424,-999.000000,-999.000000
17.433910,-999.000000,-999.000000
17.444359,-999.000000,-999.000000
17.472248,-999.000000,-999.000000
17.483716,-999.000000,-999.000000
17.512547,-999.000000,-999.000000
17.531254,-999.000000,-999.000000
17.554296,-999.000000,-999.000000
17.574069,-999.000000,-999.000000
17.592125,-999.000000,-999.000000
17.606541,-999.000000,-999.000000
17.634118,-999.000000,-999.000000
17.653708,-999.000000,-999.000000
17.674939,-999.000000,-999.000000
17.693246,-999.000000,-999.000000
17.714931,-999.000000,-999.000000
17.725151,-999.000000,-999.000000
17.751612,-999.000000,-999.000000
17.765434,-999.000000,-999.000000
17.795830,-999.000000,-999.000000
17.804720,-999.000000,-999.000000
17.831603,-999.000000,-999.000000
17.844224,-999.000000,-999.000000
17.874170,-999.000000,-999.000000
17.892490,-999.000000,-999.000000
17.914541,-999.000000,-999.000000
17.923137,-999.000000,-999.000000
17.956271,-999.000000,-999.000000
17.964680,-999.000000,-999.000000
17.984595,-999.000000,-999.000000
18.004017,-999.000000,-999.000000
18.026672,-999.000000,-999.000000
18.044961,-999.000000,-999.000000
18.072582,-999.000000,-999.000000
18.085492,-999.000000,-999.000000
18.105042,-999.000000,-999.000000
18.123398,-999.000000,-999.000000
18.144503,-999.000000,-999.000000
18.171466,-999.000000,-999.000000
18.185013,-999.000000,-999.000000
18.206106,-999.000000,-999.000000
18.231468,-999.000000,-999.000000
18.245845,-999.000000,-999.000000
18.271687,-999.000000,-999.000000
18.285274,-999.000000,-999.000000
18.315322,-999.000000,-999.000000
18.333981,-999.000000,-999.000000
18.343995,-999.000000,-999.000000
18.365481,-999.000000,-999.000000
18.384395,-999.000000,-999.000000
18.414793,-999.000000,-999.000000
18.424666,-999.000000,-999.000000
18.444032,-999.000000,-999.000000
18.463417,-999.000000,-999.000000
18.484413,-999.000000,-999.000000
18.512839,-999.000000,-999.000000
18.534483,-999.000000,-999.000000
18.555163,-999.000000,-999.000000
18.565683,-999.000000,-999.000000
18.596072,-999.000000,-999.000000
18.605477,-999.000000,-999.000000
18.624999,-999.000000,-999.000000
18.644923,-999.000000,-999.000000
18.663227,-999.000000,-999.000000
18.691397,-999.000000,-999.000000
18.706381,-999.000000,-999.000000
18.726643,-999.000000,-999.000000
18.752640,-999.000000,-999.000000
18.774819,-999.000000,-999.000000
18.784241,-999.000000,-999.000000
18.814475,-999.000000,-999.000000
18.833078,-999.000000,-999.000000
18.851698,-999.000000,-999.000000
18.865700,-999.000000,-999.000000
18.894819,-999.000000,-999.000000
18.904549,-999.000000,-999.000000
18.933528,-999.000000,-999.000000
18.942728,-999.000000,-999.000000
18.974669,-999.000000,-999.000000
18.993626,-999.000000,-999.000000
19.014754,-999.000000,-999.000000
19.025051,-999.000000,-999.000000
19.043184,-999.000000,-999.000000
19.066263,-999.000000,-999.000000
19.093132,-999.000000,-999.000000
19.103576,-999.000000,-999.000000
19.131566,-999.000000,-999.000000
19.145450,-999.000000,-999.000000
19.164861,-999.000000,-999.000000
19.193594,-999.000000,-999.000000
19.211622,-999.000000,-999.000000
19.225433,-999.000000,-999.000000
19.253367,-999.000000,-999.000000
19.264170,-999.000000,-999.000000
19.294501,-999.000000,-999.000000
19.314137,-999.000000,-999.000000
19.324933,-999.000000,-999.000000
19.344343,-999.000000,-999.000000
19.372675,-999.000000,-999.000000
19.395312,-999.000000,-999.000000
19.405337,-999.000000,-999.000000
19.431806,-999.000000,-999.000000
19.445862,-999.000000,-999.000000
19.464090,-999.000000,-999.000000
19.484854,-999.000000,-999.000000
19.513557,-999.000000,-999.000000
19.534139,-999.000000,-999.000000
19.553018,-999.000000,-999.000000
19.574086,-999.000000,-999.000000
19.591255,-999.000000,-999.000000
19.605002,-999.000000,-999.000000
19.631237,-999.000000,-999.000000
19.644154,-999.000000,-999.000000
19.664629,-999.000000,-999.000000
19.691068,-999.000000,-999.000000
19.713374,-999.000000,-999.000000
19.731529,-999.000000,-999.000000
19.754770,-999.000000,-999.000000
19.764872,-999.000000,-999.000000
19.796035,-999.000000,-999.000000
19.805679,-999.000000,-999.000000
19.832372,-999.000000,-999.000000
19.845470,-999.000000,-999.000000
19.863270,-999.000000,-999.000000
19.885546,-999.000000,-999.000000
19.912548,-999.000000,-999.000000
19.932408,-999.000000,-999.000000
19.942393,-999.000000,-999.000000
19.975766,-999.000000,-999.000000
19.985967,-999.000000,-999.000000
20.005792,-999.000000,-999.000000
20.031312,-999.000000,-999.000000
20.044638,-999.000000,-999.000000
20.066428,-999.000000,-999.000000
20.091140,-999.000000,-999.000000
20.104834,-999.000000,-999.000000
20.133879,-999.000000,-999.000000
20.153880,-999.000000,-999.000000
20.162726,-999.000000,-999.000000
20.194122,-999.000000,-999.000000
20.214325,-999.000000,-999.000000
20.232341,-999.000000,-999.000000
20.253892,-999.000000,-999.000000
20.264912,-999.000000,-999.000000
20.284385,-999.000000,-999.000000
20.314644,-999.000000,-999.000000
20.324485,-999.000000,-999.000000
20.351738,-999.000000,-999.000000
20.372651,-999.000000,-999.000000
20.395036,-999.000000,-999.000000
20.414329,-999.000000,-999.000000
20.432231,-999.000000,-999.000000
20.452187,-999.000000,-999.000000
20.475229,-999.000000,-999.000000
20.494030,-999.000000,-999.000000
20.504297,-999.000000,-999.000000
20.526174,-999.000000,-999.000000
20.554748,-999.000000,-999.000000
20.564658,-999.000000,-999.000000
20.594110,-999.000000,-999.000000
20.604431,-999.000000,-999.000000
20.633454,-999.000000,-999.000000
20.644483,-999.000000,-999.000000
20.672340,-999.000000,-999.000000
20.691683,-999.000000,-999.000000
20.705349,-999.000000,-999.000000
20.732535,-999.000000,-999.000000
20.745554,-999.000000,-999.000000
20.765268,-999.000000,-999.000000
20.785678,-999.000000,-999.000000
20.804223,-999.000000,-999.000000
20.831796,-999.000000,-999.000000
20.851785,-999.000000,-999.000000
20.871787,-999.000000,-999.000000
20.895588,-999.000000,-999.000000
20.914780,-999.000000,-999.000000
20.934138,-999.000000,-999.000000
20.944077,-999.000000,-999.000000
20.972333,-999.000000,-999.000000
20.987072,-999.000000,-999.000000
21.011828,-999.000000,-999.000000
21.025318,-999.000000,-999.000000
21.043755,-999.000000,-999.000000
21.071789,-999.000000,-999.000000
21.094564,-999.000000,-999.000000
21.105642,-999.000000,-999.000000
21.125672,-999.000000,-999.000000
21.154465,-999.000000,-999.000000
21.163112,-999.000000,-999.000000
21.192624,-999.000000,-999.000000
21.205834,-999.000000,-999.000000
21.223477,-999.000000,-999.000000
21.251559,-999.000000,-999.000000
21.271889,-999.000000,-999.000000
21.285621,-999.000000,-999.000000
21.314376,-999.000000,-999.000000
21.324194,-999.000000,-999.000000
21.346770,-999.000000,-999.000000
21.372421,-999.000000,-999.000000
21.385320,-999.000000,-999.000000
21.404985,-999.000000,-999.000000
21.424537,-999.000000,-999.000000
21.452940,-999.000000,-999.000000
21.471433,-999.000000,-999.000000
21.491340,-999.000000,-999.000000
21.506128,-999.000000,-999.000000
21.524219,-999.000000,-999.000000
21.551736,-999.000000,-999.000000
21.565060,-999.000000,-999.000000
21.584552,-999.000000,-999.000000
21.603462,-999.000000,-999.000000
21.625643,-999.000000,-999.000000
21.644318,-999.000000,-999.000000
21.671567,-999.000000,-999.000000
21.693607,-999.000000,-999.000000
21.712506,-999.000000,-999.000000
21.725317,-999.000000,-999.000000
21.753924,-999.000000,-999.000000
21.772580,-999.000000,-999.000000
21.785720,-999.000000,-999.000000
21.804349,-999.000000,-999.000000
21.835071,-999.000000,-999.000000
21.844515,-999.000000,-999.000000
21.872739,-999.000000,-999.000000
21.891496,-999.000000,-999.000000
21.904744,-999.000000,-999.000000
21.922438,-999.000000,-999.000000
21.952145,-999.000000,-999.000000
21.972946,-999.000000,-999.000000
21.986333,-999.000000,-999.000000
22.004322,-999.000000,-999.000000
22.035356,-999.000000,-999.000000
22.054618,-999.000000,-999.000000
22.064012,-999.000000,-999.000000
22.086383,-999.000000,-999.000000
22.105306,-999.000000,-999.000000
22.124960,-999.000000,-999.000000
22.154050,-999.000000,-999.000000
22.172551,-999.000000,-999.000000
22.195030,-999.000000,-999.000000
22.205458,-999.000000,-999.000000
22.235460,-999.000000,-999.000000
22.246503,-999.000000,-999.000000
22.266293,-999.000000,-999.000000
22.293857,-999.000000,-999.000000
22.315869,-999.000000,-999.000000
22.333441,-999.000000,-999.000000
22.353178,-999.000000,-999.000000
22.374880,-999.000000,-999.000000
22.394241,-999.000000,-999.000000
22.404261,-999.000000,-999.000000
22.435122,-999.000000,-999.000000
22.453706,-999.000000,-999.000000
22.472458,-999.000000,-999.000000
22.495452,-999.000000,-999.000000
22.505018,-999.000000,-999.000000
22.535060,-999.000000,-999.000000
22.545031,-999.000000,-999.000000
22.573740,-999.000000,-999.000000
22.593111,-999.000000,-999.000000
22.614408,-999.000000,-999.000000
22.634111,-999.000000,-999.000000
22.644024,-999.000000,-999.000000
22.675682,-999.000000,-999.000000
22.685542,-999.000000,-999.000000
22.704078,-999.000000,-999.000000
22.731606,-999.000000,-999.000000
22.745995,-999.000000,-999.000000
22.772661,-999.000000,-999.000000
22.785448,-999.000000,-999.000000
22.806122,-999.000000,-999.000000
22.824213,-999.000000,-999.000000
22.854281,-999.000000,-999.000000
22.864563,-999.000000,-999.000000
22.884957,-999.000000,-999.000000
22.911419,-999.000000,-999.000000
22.924733,-999.000000,-999.000000
22.951346,-999.000000,-999.000000
22.966819,-999.000000,-999.000000
22.994662,-999.000000,-999.000000
23.011741,-999.000000,-999.000000
23.025515,-999.000000,-999.000000
23.043781,-999.000000,-999.000000
23.073957,-999.000000,-999.000000
23.092917,-999.000000,-999.000000
23.114943,-999.000000,-999.000000
23.125932,-999.000000,-999.000000
23.144628,-999.000000,-999.000000
23.164313,-999.000000,-999.000000
23.193180,-999.000000,-999.000000
23.215060,-999.000000,-999.000000
23.224456,-999.000000,-999.000000
23.243918,-999.000000,-999.000000
23.273452,-999.000000,-999.000000
23.292486,-999.000000,-999.000000
23.315659,-999.000000,-999.000000
23.326746,-999.000000,-999.000000
23.345266,-999.000000,-999.000000
23.371868,-999.000000,-999.000000
23.384865,-999.000000,-999.000000
23.412045,-999.000000,-999.000000
23.426068,-999.000000,-999.000000
23.445124,-999.000000,-999.000000
23.464683,-999.000000,-999.000000
23.493876,-999.000000,-999.000000
23.512531,-999.000000,-999.000000
23.526488,-999.000000,-999.000000
23.546482,-999.000000,-999.000000
23.564840,-999.000000,-999.000000
23.585268,-999.000000,-999.000000
23.604789,-999.000000,-999.000000
23.624221,-999.000000,-999.000000
23.652228,-999.000000,-999.000000
23.663987,-999.000000,-999.000000
23.694428,-999.000000,-999.000000
23.714020,-999.000000,-999.000000
23.724392,-999.000000,-999.000000
23.753445,-999.000000,-999.000000
23.764235,-999.000000,-999.000000
23.795034,-999.000000,-999.000000
23.805209,-999.000000,-999.000000
23.834013,-999.000000,-999.000000
23.851955,-999.000000,-999.000000
23.875028,-999.000000,-999.000000
23.893736,-999.000000,-999.000000
23.911520,-999.000000,-999.000000
23.925185,-999.000000,-999.000000
23.951666,-999.000000,-999.000000
23.975002,-999.000000,-999.000000
23.984143,-999.000000,-999.000000
24.005620,-999.000000,-999.000000
24.023903,-999.000000,-999.000000
24.054723,-999.000000,-999.000000
24.072468,-999.000000,-999.000000
24.087149,-999.000000,-999.000000
24.105291,-999.000000,-999.000000
24.123433,-999.000000,-999.000000
24.145816,-999.000000,-999.000000
24.163703,-999.000000,-999.000000
24.183073,-999.000000,-999.000000
24.213294,-999.000000,-999.000000
24.235023,-999.000000,-999.000000
24.254718,-999.000000,-999.000000
24.274475,-999.000000,-999.000000
24.291710,-999.000000,-999.000000
24.306062,-999.000000,-999.000000
24.324265,-999.000000,-999.000000
24.351733,-999.000000,-999.000000
24.365885,-999.000000,-999.000000
24.383822,-999.000000,-999.000000
24.412835,-999.000000,-999.000000
24.425982,-999.000000,-999.000000
24.443820,-999.000000,-999.000000
24.471471,-999.000000,-999.000000
24.487005,-999.000000,-999.000000
24.504454,-999.000000,-999.000000
24.531243,-999.000000,-999.000000
24.555151,-999.000000,-999.000000
24.565610,-999.000000,-999.000000
24.584708,-999.000000,-999.000000
24.613423,-999.000000,-999.000000
24.624178,-999.000000,-999.000000
24.644113,-999.000000,-999.000000
24.672203,-999.000000,-999.000000
24.686179,-999.000000,-999.000000
24.715209,-999.000000,-999.000000
24.733948,-999.000000,-999.000000
24.744545,-999.000000,-999.000000
24.765799,-999.000000,-999.000000
24.785206,-999.000000,-999.000000
24.811878,-999.000000,-999.000000
24.834159,-999.000000,-999.000000
24.851703,-999.000000,-999.000000
24.872555,-999.000000,-999.000000
24.891308,-999.000000,-999.000000
24.911096,-999.000000,-999.000000
24.927044,-999.000000,-999.000000
24.945553,-999.000000,-999.000000
24.974636,-999.000000,-999.000000
24.986366,-999.000000,-999.000000
25.004719,-999.000000,-999.000000
25.035173,-999.000000,-999.000000
25.046505,-999.000000,-999.000000
25.065781,-999.000000,-999.000000
25.084920,-999.000000,-999.000000
25.113786,-999.000000,-999.000000
25.131683,-999.000000,-999.000000
25.152132,-999.000000,-999.000000
25.171644,-999.000000,-999.000000
25.185411,-999.000000,-999.000000
25.206146,-999.000000,-999.000000
25.231390,-999.000000,-999.000000
25.244432,-999.000000,-999.000000
25.272494,-999.000000,-999.000000
25.294317,-999.000000,-999.000000
25.304357,-999.000000,-999.000000
25.331572,-999.000000,-999.000000
25.351323,-999.000000,-999.000000
25.365698,-999.000000,-999.000000
25.391712,-999.000000,-999.000000
25.405746,-999.000000,-999.000000
25.425714,-999.000000,-999.000000
25.444677,-999.000000,-999.000000
25.471784,-999.000000,-999.000000
25.484337,-999.000000,-999.000000
25.515376,-999.000000,-999.000000
25.524220,-999.000000,-999.000000
25.543484,-999.000000,-999.000000
25.574574,-999.000000,-999.000000
25.593375,-999.000000,-999.000000
25.615061,-999.000000,-999.000000
25.624935,-999.000000,-999.000000
25.651605,-999.000000,-999.000000
25.673377,-999.000000,-999.000000
25.694482,-999.000000,-999.000000
25.713213,-999.000000,-999.000000
25.725576,-999.000000,-999.000000
25.755748,-999.000000,-999.000000
25.771773,-999.000000,-999.000000
25.784117,-999.000000,-999.000000
25.812136,-999.000000,-999.000000
25.824643,-999.000000,-999.000000
25.854123,-999.000000,-999.000000
25.873025,-999.000000,-999.000000
25.893589,-999.000000,-999.000000
25.903901,-999.000000,-999.000000
25.934466,-999.000000,-999.000000
25.945665,-999.000000,-999.000000
25.963657,-999.000000,-999.000000
25.985048,-999.000000,-999.000000
26.003928,-999.000000,-999.000000
26.025229,-999.000000,-999.000000
26.052519,-999.000000,-999.000000
26.075713,-999.000000,-999.000000
26.091247,-999.000000,-999.000000
26.114142,-999.000000,-999.000000
26.135171,-999.000000,-999.000000
26.146074,-999.000000,-999.000000
26.174405,-999.000000,-999.000000
26.194467,-999.000000,-999.000000
26.213559,-999.000000,-999.000000
26.231276,-999.000000,-999.000000
26.251731,-999.000000,-999.000000
26.275039,-999.000000,-999.000000
26.283173,-999.000000,-999.000000
26.314643,-999.000000,-999.000000
26.331672,-999.000000,-999.000000
26.351316,-999.000000,-999.000000
26.366921,-999.000000,-999.000000
26.393977,-999.000000,-999.000000
26.413396,-999.000000,-999.000000
26.431392,-999.000000,-999.000000
26.445305,-999.000000,-999.000000
26.471795,-999.000000,-999.000000
26.494626,-999.000000,-999.000000
26.505822,-999.000000,-999.000000
26.532890,-999.000000,-999.000000
26.556546,-999.000000,-999.000000
26.565922,-999.000000,-999.000000
26.592362,-999.000000,-999.000000
26.614825,-999.000000,-999.000000
26.624532,-999.000000,-999.000000
26.644508,-999.000000,-999.000000
26.673927,-999.000000,-999.000000
26.691862,-999.000000,-999.000000
26.706739,-999.000000,-999.000000
26.724317,-999.000000,-999.000000
26.754999,-999.000000,-999.000000
26.766129,-999.000000,-999.000000
26.785107,-999.000000,-999.000000
26.806729,-999.000000,-999.000000
26.825768,-999.000000,-999.000000
26.854118,-999.000000,-999.000000
26.872501,-999.000000,-999.000000
26.894109,-999.000000,-999.000000
26.914531,-999.000000,-999.000000
26.932380,-999.000000,-999.000000
26.951966,-999.000000,-999.000000
26.973933,-999.000000,-999.000000
26.984950,-999.000000,-999.000000
27.011599,-999.000000,-999.000000
27.035094,-999.000000,-999.000000
27.052544,-999.000000,-999.000000
27.072881,-999.000000,-999.000000
27.091118,-999.000000,-999.000000
27.113266,-999.000000,-999.000000
27.132544,-999.000000,-999.000000
27.151834,-999.000000,-999.000000
27.164476,-999.000000,-999.000000
27.182836,-999.000000,-999.000000
27.205190,-999.000000,-999.000000
27.235509,-999.000000,-999.000000
27.245598,-999.000000,-999.000000
27.274207,-999.000000,-999.000000
27.292363,-999.000000,-999.000000
27.306215,-999.000000,-999.000000
27.332230,-999.000000,-999.000000
27.353764,-999.000000,-999.000000
27.371613,-999.000000,-999.000000
27.395013,-999.000000,-999.000000
27.404630,-999.000000,-999.000000
27.434649,-999.000000,-999.000000
27.444486,-999.000000,-999.000000
27.472501,-999.000000,-999.000000
27.485482,-999.000000,-999.000000
27.511658,-999.000000,-999.000000
27.533169,-999.000000,-999.000000
27.556177,-999.000000,-999.000000
27.565525,-999.000000,-999.000000
27.583953,-999.000000,-999.000000
27.614782,-999.000000,-999.000000
27.632235,-999.000000,-999.000000
27.645320,-999.000000,-999.000000
27.673371,-999.000000,-999.000000
27.693098,-999.000000,-999.000000
27.703440,-999.000000,-999.000000
27.734611,-999.000000,-999.000000
27.752847,-999.000000,-999.000000
27.774340,-999.000000,-999.000000
27.784343,-999.000000,-999.000000
27.811990,-999.000000,-999.000000
27.825336,-999.000000,-999.000000
27.846616,-999.000000,-999.000000
27.872394,-999.000000,-999.000000
27.886868,-999.000000,-999.000000
27.913018,-999.000000,-999.000000
27.924427,-999.000000,-999.000000
27.946547,-999.000000,-999.000000
27.971924,-999.000000,-999.000000
27.993767,-999.000000,-999.000000
28.012445,-999.000000,-999.000000
28.026731,-999.000000,-999.000000
28.046608,-999.000000,-999.000000
28.065309,-999.000000,-999.000000
28.091969,-999.000000,-999.000000
28.115644,-999.000000,-999.000000
28.126520,-999.000000,-999.000000
28.145903,-999.000000,-999.000000
28.174744,-999.000000,-999.000000
28.185012,-999.000000,-999.000000
28.214187,-999.000000,-999.000000
28.231675,-999.000000,-999.000000
28.246882,-999.000000,-999.000000
28.265835,-999.000000,-999.000000
28.293307,-999.000000,-999.000000
28.303574,-999.000000,-999.000000
28.332514,-999.000000,-999.000000
28.351638,-999.000000,-999.000000
28.371643,-999.000000,-999.000000
28.395173,-999.000000,-999.000000
28.413099,-999.000000,-999.000000
28.435397,-999.000000,-999.000000
28.454029,-999.000000,-999.000000
28.471667,-999.000000,-999.000000
28.485299,-999.000000,-999.000000
28.514300,-999.000000,-999.000000
28.533060,-999.000000,-999.000000
28.552713,-999.000000,-999.000000
28.572037,-999.000000,-999.000000
28.592138,-999.000000,-999.000000
28.605340,-999.000000,-999.000000
28.632827,-999.000000,-999.000000
28.655378,-999.000000,-999.000000
28.666656,-999.000000,-999.000000
28.686332,-999.000000,-999.000000
28.705806,-999.000000,-999.000000
28.724272,-999.000000,-999.000000
28.754966,-999.000000,-999.000000
28.772396,-999.000000,-999.000000
28.793634,-999.000000,-999.000000
28.814876,-999.000000,-999.000000
28.824787,-999.000000,-999.000000
28.852409,-999.000000,-999.000000
28.874575,-999.000000,-999.000000
28.891359,-999.000000,-999.000000
28.904066,-999.000000,-999.000000
28.925078,-999.000000,-999.000000
28.955644,-999.000000,-999.000000
28.964328,-999.000000,-999.000000
28.984530,-999.000000,-999.000000
29.005844,-999.000000,-999.000000
29.032938,-999.000000,-999.000000
29.052096,-999.000000,-999.000000
29.065180,-999.000000,-999.000000
29.085373,-999.000000,-999.000000
29.105139,-999.000000,-999.000000
29.133403,-999.000000,-999.000000
29.151702,-999.000000,-999.000000
29.174697,-999.000000,-999.000000
29.184074,-999.000000,-999.000000
29.204399,-999.000000,-999.000000
29.231241,-999.000000,-999.000000
29.253716,-999.000000,-999.000000
29.271923,-999.000000,-999.000000
29.285088,-999.000000,-999.000000
29.304289,-999.000000,-999.000000
29.324242,-999.000000,-999.000000
29.351895,-999.000000,-999.000000
29.373558,-999.000000,-999.000000
29.395228,-999.000000,-999.000000
29.405617,-999.000000,-999.000000
29.431309,-999.000000,-999.000000
29.452094,-999.000000,-999.000000
29.464766,-999.000000,-999.000000
29.492606,-999.000000,-999.000000
29.506773,-999.000000,-999.000000
29.525704,-999.000000,-999.000000
29.551626,-999.000000,-999.000000
29.572072,-999.000000,-999.000000
29.594257,-999.000000,-999.000000
29.603839,-999.000000,-999.000000
29.627114,-999.000000,-999.000000
29.646419,-999.000000,-999.000000
29.664645,-999.000000,-999.000000
29.692811,-999.000000,-999.000000
29.706129,-999.000000,-999.000000
29.733628,-999.000000,-999.000000
29.754712,-999.000000,-999.000000
29.772788,-999.000000,-999.000000
29.795840,-999.000000,-999.000000
29.805840,-999.000000,-999.000000
29.835112,-999.000000,-999.000000
29.844469,-999.000000,-999.000000
29.866264,-999.000000,-999.000000
29.884667,-999.000000,-999.000000
29.914803,-999.000000,-999.000000
29.925454,-999.000000,-999.000000
29.944392,-999.000000,-999.000000
29.974025,-999.000000,-999.000000
29.992552,-999.000000,-999.000000
30.005370,-999.000000,-999.000000
30.034033,-999.000000,-999.000000
30.055026,-999.000000,-999.000000
30.064965,-999.000000,-999.000000
30.094833,-999.000000,-999.000000
30.114606,-999.000000,-999.000000
30.136419,-999.000000,-999.000000
30.146827,-999.000000,-999.000000
30.165605,-999.000000,-999.000000
30.194646,-999.000000,-999.000000
30.213509,-999.000000,-999.000000
30.232008,-999.000000,-999.000000
30.251619,-999.000000,-999.000000
30.274323,-999.000000,-999.000000
30.293857,-999.000000,-999.000000
30.313743,-999.000000,-999.000000
30.323414,-999.000000,-999.000000
30.356653,-999.000000,-999.000000
30.374009,-999.000000,-999.000000
30.384921,-999.000000,-999.000000
30.412175,-999.000000,-999.000000
30.431330,-999.000000,-999.000000
30.454548,-999.000000,-999.000000
30.464490,-999.000000,-999.000000
30.491790,-999.000000,-999.000000
30.511737,-999.000000,-999.000000
30.533792,-999.000000,-999.000000
30.553359,-999.000000,-999.000000
30.572042,-999.000000,-999.000000
30.585358,-999.000000,-999.000000
30.605894,-999.000000,-999.000000
30.624838,-999.000000,-999.000000
30.651529,-999.000000,-999.000000
30.664343,-999.000000,-999.000000
30.685410,-999.000000,-999.000000
30.705132,-999.000000,-999.000000
30.724352,-999.000000,-999.000000
30.744957,-999.000000,-999.000000
30.774296,-999.000000,-999.000000
30.793614,-999.000000,-999.000000
30.811801,-999.000000,-999.000000
30.825550,-999.000000,-999.000000
30.843660,-999.000000,-999.000000
30.867291,-999.000000,-999.000000
30.894546,-999.000000,-999.000000
30.915114,-999.000000,-999.000000
30.925581,-999.000000,-999.000000
30.944851,-999.000000,-999.000000
30.973604,-999.000000,-999.000000
30.992119,-999.000000,-999.000000
31.014869,-999.000000,-999.000000
31.026246,-999.000000,-999.000000
31.046041,-999.000000,-999.000000
31.075095,-999.000000,-999.000000
31.084462,-999.000000,-999.000000
31.113275,-999.000000,-999.000000
31.133528,-999.000000,-999.000000
31.152149,-999.000000,-999.000000
31.171679,-999.000000,-999.000000
31.184664,-999.000000,-999.000000
31.211466,-999.000000,-999.000000
31.231492,-999.000000,-999.000000
31.246416,-999.000000,-999.000000
31.274799,-999.000000,-999.000000
31.286166,-999.000000,-999.000000
31.304987,-999.000000,-999.000000
31.335893,-999.000000,-999.000000
31.344378,-999.000000,-999.000000
31.364485,-999.000000,-999.000000
31.391957,-999.000000,-999.000000
31.413634,-999.000000,-999.000000
31.433084,-999.000000,-999.000000
31.454216,-999.000000,-999.000000
31.472914,-999.000000,-999.000000
31.495914,-999.000000,-999.000000
31.514719,-999.000000,-999.000000
31.524481,-999.000000,-999.000000
31.544671,-999.000000,-999.000000
31.571319,-999.000000,-999.000000
31.592725,-999.000000,-999.000000
31.614975,-999.000000,-999.000000
31.624542,-999.000000,-999.000000
31.656664,-999.000000,-999.000000
31.671572,-999.000000,-999.000000
31.693856,-999.000000,-999.000000
31.716202,-999.000000,-999.000000
31.726049,-999.000000,-999.000000
31.756628,-999.000000,-999.000000
31.775989,-999.000000,-999.000000
31.784667,-999.000000,-999.000000
31.811650,-999.000000,-999.000000
31.826628,-999.000000,-999.000000
31.845791,-999.000000,-999.000000
31.873716,-999.000000,-999.000000
31.893681,-999.000000,-999.000000
31.913944,-999.000000,-999.000000
31.931808,-999.000000,-999.000000
31.952413,-999.000000,-999.000000
31.973158,-999.000000,-999.000000
31.986619,-999.000000,-999.000000
32.006359,-999.000000,-999.000000
32.033397,-999.000000,-999.000000
32.052162,-999.000000,-999.000000
32.072499,-999.000000,-999.000000
32.085580,-999.000000,-999.000000
32.113821,-999.000000,-999.000000
32.124736,-999.000000,-999.000000
32.151559,-999.000000,-999.000000
32.166036,-999.000000,-999.000000
32.186577,-999.000000,-999.000000
32.205833,-999.000000,-999.000000
32.224917,-999.000000,-999.000000
32.251620,-999.000000,-999.000000
32.265123,-999.000000,-999.000000
32.283868,-999.000000,-999.000000
32.313592,-999.000000,-999.000000
32.334117,-999.000000,-999.000000
32.344681,-999.000000,-999.000000
32.373875,-999.000000,-999.000000
32.393544,-999.000000,-999.000000
32.415159,-999.000000,-999.000000
32.424986,-999.000000,-999.000000
32.456066,-999.000000,-999.000000
32.465209,-999.000000,-999.000000
32.492236,-999.000000,-999.000000
32.512090,-999.000000,-999.000000
32.532434,-999.000000,-999.000000
32.546740,-999.000000,-999.000000
32.571173,-999.000000,-999.000000
32.592045,-999.000000,-999.000000
32.605681,-999.000000,-999.000000
32.624307,-999.000000,-999.000000
32.652527,-999.000000,-999.000000
32.671585,-999.000000,-999.000000
32.692210,-999.000000,-999.000000
32.706126,-999.000000,-999.000000
32.725439,-999.000000,-999.000000
32.744700,-999.000000,-999.000000
32.773140,-999.000000,-999.000000
32.792028,-999.000000,-999.000000
32.804790,-999.000000,-999.000000
32.834489,-999.000000,-999.000000
32.854745,-999.000000,-999.000000
32.872706,-999.000000,-999.000000
32.894933,-999.000000,-999.000000
32.905331,-999.000000,-999.000000
32.934543,-999.000000,-999.000000
32.955213,-999.000000,-999.000000
32.965089,-999.000000,-999.000000
32.993580,-999.000000,-999.000000
33.011737,-999.000000,-999.000000
33.033560,-999.000000,-999.000000
33.051644,-999.000000,-999.000000
33.075230,-999.000000,-999.000000
33.085868,-999.000000,-999.000000
33.113401,-999.000000,-999.000000
33.134165,-999.000000,-999.000000
33.154773,-999.000000,-999.000000
33.172190,-999.000000,-999.000000
33.185197,-999.000000,-999.000000
33.204694,-999.000000,-999.000000
33.233218,-999.000000,-999.000000
33.251219,-999.000000,-999.000000
33.274682,-999.000000,-999.000000
33.285688,-999.000000,-999.000000
33.312753,-999.000000,-999.000000
33.331940,-999.000000,-999.000000
33.351710,-999.000000,-999.000000
33.364293,-999.000000,-999.000000
33.386085,-999.000000,-999.000000
33.405695,-999.000000,-999.000000
33.433421,-999.000000,-999.000000
33.453681,-999.000000,-999.000000
33.473153,-999.000000,-999.000000
33.491440,-999.000000,-999.000000
33.505826,-999.000000,-999.000000
33.525201,-999.000000,-999.000000
33.552374,-999.000000,-999.000000
33.565733,-999.000000,-999.000000
33.594231,-999.000000,-999.000000
33.612956,-999.000000,-999.000000
33.631204,-999.000000,-999.000000
33.646535,-999.000000,-999.000000
33.675289,-999.000000,-999.000000
33.692503,-999.000000,-999.000000
33.712433,-999.000000,-999.000000
33.731640,-999.000000,-999.000000
33.744879,-999.000000,-999.000000
33.764628,-999.000000,-999.000000
33.795423,-999.000000,-999.000000
33.812004,-999.000000,-999.000000
33.835656,-999.000000,-999.000000
33.852493,-999.000000,-999.000000
33.865889,-999.000000,-999.000000
33.891251,-999.000000,-999.000000
33.905001,-999.000000,-999.000000
33.931657,-999.000000,-999.000000
33.955317,-999.000000,-999.000000
33.972616,-999.000000,-999.000000
33.987178,-999.000000,-999.000000
34.012588,-999.000000,-999.000000
34.025377,-999.000000,-999.000000
34.053693,-999.000000,-999.000000
34.072356,-999.000000,-999.000000
34.086045,-999.000000,-999.000000
34.113241,-999.000000,-999.000000
34.136611,-999.000000,-999.000000
34.145079,-999.000000,-999.000000
34.176027,-999.000000,-999.000000
34.186411,-999.000000,-999.000000
34.203237,-999.000000,-999.000000
34.234694,-999.000000,-999.000000
34.252119,-999.000000,-999.000000
34.265329,-999.000000,-999.000000
34.293704,-999.000000,-999.000000
34.314050,-999.000000,-999.000000
34.333802,-999.000000,-999.000000
34.343061,-999.000000,-999.000000
34.364880,-999.000000,-999.000000
34.385002,-999.000000,-999.000000
34.411625,-999.000000,-999.000000
34.432194,-999.000000,-999.000000
34.451330,-999.000000,-999.000000
34.464855,-999.000000,-999.000000
34.494562,-999.000000,-999.000000
34.515190,-999.000000,-999.000000
34.526025,-999.000000,-999.000000
34.546027,-999.000000,-999.000000
34.574680,-999.000000,-999.000000
34.591819,-999.000000,-999.000000
34.612508,-999.000000,-999.000000
34.634082,-999.000000,-999.000000
34.654195,-999.000000,-999.000000
34.672488,-999.000000,-999.000000
34.691797,-999.000000,-999.000000
34.706301,-999.000000,-999.000000
34.731558,-999.000000,-999.000000
34.745865,-999.000000,-999.000000
34.771930,-999.000000,-999.000000
34.792225,-999.000000,-999.000000
34.813930,-999.000000,-999.000000
34.834954,-999.000000,-999.000000
34.846267,-999.000000,-999.000000
34.872359,-999.000000,-999.000000
34.891764,-999.000000,-999.000000
34.905201,-999.000000,-999.000000
34.924000,-999.000000,-999.000000
34.951746,-999.000000,-999.000000
34.965245,-999.000000,-999.000000
34.986749,-999.000000,-999.000000
35.013155,-999.000000,-999.000000
35.035548,-999.000000,-999.000000
35.045973,-999.000000,-999.000000
35.073930,-999.000000,-999.000000
35.094203,-999.000000,-999.000000
35.113572,-999.000000,-999.000000
35.132974,-999.000000,-999.000000
35.153337,-999.000000,-999.000000
35.171887,-999.000000,-999.000000
35.186484,-999.000000,-999.000000
35.204366,-999.000000,-999.000000
35.235187,-999.000000,-999.000000
35.253205,-999.000000,-999.000000
35.273625,-999.000000,-999.000000
35.292215,-999.000000,-999.000000
35.305352,-999.000000,-999.000000
35.335061,-999.000000,-999.000000
35.346302,-999.000000,-999.000000
35.364560,-999.000000,-999.000000
35.391693,-999.000000,-999.000000
35.404604,-999.000000,-999.000000
35.425303,-999.000000,-999.000000
35.454628,-999.000000,-999.000000
35.472543,-999.000000,-999.000000
35.494976,-999.000000,-999.000000
35.505211,-999.000000,-999.000000
35.534548,-999.000000,-999.000000
35.544938,-999.000000,-999.000000
35.572877,-999.000000,-999.000000
35.593232,-999.000000,-999.000000
35.615192,-999.000000,-999.000000
35.625848,-999.000000,-999.000000
35.652829,-999.000000,-999.000000
35.673541,-999.000000,-999.000000
35.693182,-999.000000,-999.000000
35.716497,-999.000000,-999.000000
35.731438,-999.000000,-999.000000
35.753734,-999.000000,-999.000000
35.774861,-999.000000,-999.000000
35.792962,-999.000000,-999.000000
35.814882,-999.000000,-999.000000
35.823903,-999.000000,-999.000000
35.845137,-999.000000,-999.000000
35.864958,-999.000000,-999.000000
35.884970,-999.000000,-999.000000
35.904876,-999.000000,-999.000000
35.924376,-999.000000,-999.000000
35.945805,-999.000000,-999.000000
35.971607,-999.000000,-999.000000
35.986451,-999.000000,-999.000000
36.004681,-999.000000,-999.000000
36.023509,-999.000000,-999.000000
36.055280,-999.000000,-999.000000
36.066053,-999.000000,-999.000000
36.084029,-999.000000,-999.000000
36.105079,-999.000000,-999.000000
36.134200,-999.000000,-999.000000
36.143070,-999.000000,-999.000000
36.164447,-999.000000,-999.000000
36.193827,-999.000000,-999.000000
36.212065,-999.000000,-999.000000
36.234094,-999.000000,-999.000000
36.252743,-999.000000,-999.000000
36.272868,-999.000000,-999.000000
36.291506,-999.000000,-999.000000
36.306845,-999.000000,-999.000000
36.324716,-999.000000,-999.000000
36.344971,-999.000000,-999.000000
36.374672,-999.000000,-999.000000
36.394400,-999.000000,-999.000000
36.411300,-999.000000,-999.000000
36.425745,-999.000000,-999.000000
36.444452,-999.000000,-999.000000
36.465686,-999.000000,-999.000000
36.485091,-999.000000,-999.000000
36.513693,-999.000000,-999.000000
36.524269,-999.000000,-999.000000
36.545792,-999.000000,-999.000000
36.566058,-999.000000,-999.000000
36.584639,-999.000000,-999.000000
36.613608,-999.000000,-999.000000
36.633332,-999.000000,-999.000000
36.652165,-999.000000,-999.000000
36.672372,-999.000000,-999.000000
36.685285,-999.000000,-999.000000
36.714375,-999.000000,-999.000000
36.731889,-999.000000,-999.000000
36.755882,-999.000000,-999.000000
36.766490,-999.000000,-999.000000
36.794720,-999.000000,-999.000000
36.812487,-999.000000,-999.000000
36.831910,-999.000000,-999.000000
36.845454,-999.000000,-999.000000
36.865245,-999.000000,-999.000000
36.892230,-999.000000,-999.000000
36.914972,-999.000000,-999.000000
36.925876,-999.000000,-999.000000
36.951334,-999.000000,-999.000000
36.965770,-999.000000,-999.000000
36.994722,-999.000000,-999.000000
37.011926,-999.000000,-999.000000
37.025601,-999.000000,-999.000000
37.051321,-999.000000,-999.000000
37.066401,-999.000000,-999.000000
37.086145,-999.000000,-999.000000
37.105053,-999.000000,-999.000000
37.123414,-999.000000,-999.000000
37.145907,-999.000000,-999.000000
37.171354,-999.000000,-999.000000
37.186089,-999.000000,-999.000000
37.212694,-999.000000,-999.000000
37.234007,-999.000000,-999.000000
37.252615,-999.000000,-999.000000
37.265671,-999.000000,-999.000000
37.291907,-999.000000,-999.000000
37.315557,-999.000000,-999.000000
37.334335,-999.000000,-999.000000
37.353786,-999.000000,-999.000000
37.371962,-999.000000,-999.000000
37.386991,-999.000000,-999.000000
37.404769,-999.000000,-999.000000
37.432088,-999.000000,-999.000000
37.452176,-999.000000,-999.000000
37.465613,-999.000000,-999.000000
37.493538,-999.000000,-999.000000
37.514958,-999.000000,-999.000000
37.526917,-999.000000,-999.000000
37.551676,-999.000000,-999.000000
37.565407,-999.000000,-999.000000
37.595354,-999.000000,-999.000000
37.604254,-999.000000,-999.000000
37.634125,-999.000000,-999.000000
37.643793,-999.000000,-999.000000
37.674482,-999.000000,-999.000000
37.692880,-999.000000,-999.000000
37.715114,-999.000000,-999.000000
37.735050,-999.000000,-999.000000
37.753841,-999.000000,-999.000000
37.772160,-999.000000,-999.000000
37.785383,-999.000000,-999.000000
37.817263,-999.000000,-999.000000
37.834415,-999.000000,-999.000000
37.853731,-999.000000,-999.000000
37.873069,-999.000000,-999.000000
37.884048,-999.000000,-999.000000
37.911396,-999.000000,-999.000000
37.934043,-999.000000,-999.000000
37.952995,-999.000000,-999.000000
37.973176,-999.000000,-999.000000
37.994991,-999.000000,-999.000000
38.006100,-999.000000,-999.000000
38.035001,-999.000000,-999.000000
38.054380,-999.000000,-999.000000
38.072673,-999.000000,-999.000000
38.087005,-999.000000,-999.000000
38.106525,-999.000000,-999.000000
38.132737,-999.000000,-999.000000
38.151738,-999.000000,-999.000000
38.171192,-999.000000,-999.000000
38.185590,-999.000000,-999.000000
38.206893,-999.000000,-999.000000
38.234188,-999.000000,-999.000000
38.255221,-999.000000,-999.000000
38.274345,-999.000000,-999.000000
38.294342,-999.000000,-999.000000
38.312896,-999.000000,-999.000000
38.334563,-999.000000,-999.000000
38.344947,-999.000000,-999.000000
38.375331,-999.000000,-999.000000
38.395420,-999.000000,-999.000000
38.405540,-999.000000,-999.000000
38.424797,-999.000000,-999.000000
38.444526,-999.000000,-999.000000
38.474568,-999.000000,-999.000000
38.493631,-999.000000,-999.000000
38.511231,-999.000000,-999.000000
38.526806,-999.000000,-999.000000
38.545288,-999.000000,-999.000000
38.574874,-999.000000,-999.000000
38.585148,-999.000000,-999.000000
38.611916,-999.000000,-999.000000
38.631738,-999.000000,-999.000000
38.651360,-999.000000,-999.000000
38.674929,-999.000000,-999.000000
38.694251,-999.000000,-999.000000
38.712469,-999.000000,-999.000000
38.733070,-999.000000,-999.000000
38.746008,-999.000000,-999.000000
38.772706,-999.000000,-999.000000
38.794573,-999.000000,-999.000000
38.812748,-999.000000,-999.000000
38.827141,-999.000000,-999.000000
38.852437,-999.000000,-999.000000
38.865263,-999.000000,-999.000000
38.893218,-999.000000,-999.000000
38.915773,-999.000000,-999.000000
38.925746,-999.000000,-999.000000
38.955121,-999.000000,-999.000000
38.972586,-999.000000,-999.000000
38.985409,-999.000000,-999.000000
39.014611,-999.000000,-999.000000
39.031656,-999.000000,-999.000000
39.051755,-999.000000,-999.000000
39.073571,-999.000000,-999.000000
39.095014,-999.000000,-999.000000
39.104561,-999.000000,-999.000000
39.134195,-999.000000,-999.000000
39.151340,-999.000000,-999.000000
39.174191,-999.000000,-999.000000
39.184486,-999.000000,-999.000000
39.204575,-999.000000,-999.000000
39.231890,-999.000000,-999.000000
39.244834,-999.000000,-999.000000
39.272799,-999.000000,-999.000000
39.291593,-999.000000,-999.000000
39.305094,-999.000000,-999.000000
39.331798,-999.000000,-999.000000
39.351632,-999.000000,-999.000000
39.365671,-999.000000,-999.000000
39.387128,-999.000000,-999.000000
39.413802,-999.000000,-999.000000
39.432222,-999.000000,-999.000000
39.446743,-999.000000,-999.000000
39.473212,-999.000000,-999.000000
39.494602,-999.000000,-999.000000
39.503853,-999.000000,-999.000000
39.526337,-999.000000,-999.000000
39.546333,-999.000000,-999.000000
39.564918,-999.000000,-999.000000
39.584740,-999.000000,-999.000000
39.614640,-999.000000,-999.000000
39.624663,-999.000000,-999.000000
39.655043,-999.000000,-999.000000
39.665082,-999.000000,-999.000000
39.685863,-999.000000,-999.000000
39.704176,-999.000000,-999.000000
39.735131,-999.000000,-999.000000
39.746149,-999.000000,-999.000000
39.774764,-999.000000,-999.000000
39.784686,-999.000000,-999.000000
39.812924,-999.000000,-999.000000
39.836405,-999.000000,-999.000000
39.845593,-999.000000,-999.000000
39.866072,-999.000000,-999.000000
39.893648,-999.000000,-999.000000
39.904283,-999.000000,-999.000000
39.932263,-999.000000,-999.000000
39.945375,-999.000000,-999.000000
39.973722,-999.000000,-999.000000
39.995542,-999.000000,-999.000000
40.012167,-999.000000,-999.000000
40.034877,-999.000000,-999.000000
40.044303,-999.000000,-999.000000
40.063852,-999.000000,-999.000000
40.085181,-999.000000,-999.000000
40.112798,-999.000000,-999.000000
40.123063,-999.000000,-999.000000
40.144778,-999.000000,-999.000000
40.172983,-999.000000,-999.000000
40.193453,-999.000000,-999.000000
40.214471,-999.000000,-999.000000
40.234002,-999.000000,-999.000000
40.252056,-999.000000,-999.000000
40.274435,-999.000000,-999.000000
40.285047,-999.000000,-999.000000
40.304483,-999.000000,-999.000000
40.325422,-999.000000,-999.000000
40.343864,-999.000000,-999.000000
40.375058,-999.000000,-999.000000
40.385102,-999.000000,-999.000000
40.414504,-999.000000,-999.000000
40.425504,-999.000000,-999.000000
40.452741,-999.000000,-999.000000
40.474364,-999.000000,-999.000000
40.493583,-999.000000,-999.000000
40.512423,-999.000000,-999.000000
40.531313,-999.000000,-999.000000
40.545139,-999.000000,-999.000000
40.566198,-999.000000,-999.000000
40.584972,-999.000000,-999.000000
40.612299,-999.000000,-999.000000
40.626370,-999.000000,-999.000000
40.644817,-999.000000,-999.000000
40.664257,-999.000000,-999.000000
40.696015,-999.000000,-999.000000
40.714106,-999.000000,-999.000000
40.735281,-999.000000,-999.000000
40.744247,-999.000000,-999.000000
40.771921,-999.000000,-999.000000
40.793739,-999.000000,-999.000000
40.811574,-999.000000,-999.000000
40.825050,-999.000000,-999.000000
40.851623,-999.000000,-999.000000
40.871862,-999.000000,-999.000000
40.894185,-999.000000,-999.000000
40.904523,-999.000000,-999.000000
40.933128,-999.000000,-999.000000
40.951638,-999.000000,-999.000000
40.964899,-999.000000,-999.000000
40.983630,-999.000000,-999.000000
41.003782,-999.000000,-999.000000
41.024036,-999.000000,-999.000000
41.051351,-999.000000,-999.000000
41.065974,-999.000000,-999.000000
41.084588,-999.000000,-999.000000
41.111748,-999.000000,-999.000000
41.127091,-999.000000,-999.000000
41.154505,-999.000000,-999.000000
41.174626,-999.000000,-999.000000
41.183976,-999.000000,-999.000000
41.205971,-999.000000,-999.000000
41.224052,-999.000000,-999.000000
41.243602,-999.000000,-999.000000
41.265314,-999.000000,-999.000000
41.283822,-999.000000,-999.000000
41.305955,-999.000000,-999.000000
41.325187,-999.000000,-999.000000
41.344929,-999.000000,-999.000000
41.371358,-999.000000,-999.000000
41.394007,-999.000000,-999.000000
41.411338,-999.000000,-999.000000
41.433385,-999.000000,-999.000000
41.453898,-999.000000,-999.000000
41.472683,-999.000000,-999.000000
41.485693,-999.000000,-999.000000
41.503840,-999.000000,-999.000000
41.531299,-999.000000,-999.000000
41.554413,-999.000000,-999.000000
41.564302,-999.000000,-999.000000
41.592011,-999.000000,-999.000000
41.605875,-999.000000,-999.000000
41.624278,-999.000000,-999.000000
41.655000,-999.000000,-999.000000
41.666109,-999.000000,-999.000000
41.685020,-999.000000,-999.000000
41.712484,-999.000000,-999.000000
41.725431,-999.000000,-999.000000
41.752506,-999.000000,-999.000000
41.774604,-999.000000,-999.000000
41.794908,-999.000000,-999.000000
41.804665,-999.000000,-999.000000
41.831263,-999.000000,-999.000000
41.844616,-999.000000,-999.000000
41.872956,-999.000000,-999.000000
41.891593,-999.000000,-999.000000
41.913165,-999.000000,-999.000000
41.934287,-999.000000,-999.000000
41.944343,-999.000000,-999.000000
41.972921,-999.000000,-999.000000
41.985717,-999.000000,-999.000000
42.012863,-999.000000,-999.000000
42.034991,-999.000000,-999.000000
42.044608,-999.000000,-999.000000
42.071708,-999.000000,-999.000000
42.091924,-999.000000,-999.000000
42.104659,-999.000000,-999.000000
42.134670,-999.000000,-999.000000
42.144606,-999.000000,-999.000000
42.172673,-999.000000,-999.000000
42.194250,-999.000000,-999.000000
42.212464,-999.000000,-999.000000
42.231361,-999.000000,-999.000000
42.252775,-999.000000,-999.000000
42.273612,-999.000000,-999.000000
42.295752,-999.000000,-999.000000
42.307221,-999.000000,-999.000000
42.326860,-999.000000,-999.000000
42.355318,-999.000000,-999.000000
42.373889,-999.000000,-999.000000
42.394669,-999.000000,-999.000000
42.413148,-999.000000,-999.000000
42.432927,-999.000000,-999.000000
42.444799,-999.000000,-999.000000
42.465702,-999.000000,-999.000000
42.495164,-999.000000,-999.000000
42.504037,-999.000000,-999.000000
42.526826,-999.000000,-999.000000
42.546278,-999.000000,-999.000000
42.564462,-999.000000,-999.000000
42.594323,-999.000000,-999.000000
42.605030,-999.000000,-999.000000
42.633392,-999.000000,-999.000000
42.656539,-999.000000,-999.000000
42.665564,-999.000000,-999.000000
42.694926,-999.000000,-999.000000
42.704747,-999.000000,-999.000000
42.731464,-999.000000,-999.000000
42.745768,-999.000000,-999.000000
42.763718,-999.000000,-999.000000
42.785457,-999.000000,-999.000000
42.813915,-999.000000,-999.000000
42.824592,-999.000000,-999.000000
42.854138,-999.000000,-999.000000
42.874295,-999.000000,-999.000000
42.892290,-999.000000,-999.000000
42.914523,-999.000000,-999.000000
42.933788,-999.000000,-999.000000
42.951655,-999.000000,-999.000000
42.965864,-999.000000,-999.000000
42.991764,-999.000000,-999.000000
43.005369,-999.000000,-999.000000
43.034196,-999.000000,-999.000000
43.044482,-999.000000,-999.000000
43.074222,-999.000000,-999.000000
43.093643,-999.000000,-999.000000
43.111915,-999.000000,-999.000000
43.124743,-999.000000,-999.000000
43.156484,-999.000000,-999.000000
43.174388,-999.000000,-999.000000
43.192303,-999.000000,-999.000000
43.206801,-999.000000,-999.000000
43.232654,-999.000000,-999.000000
43.252279,-999.000000,-999.000000
43.274785,-999.000000,-999.000000
43.285004,-999.000000,-999.000000
43.312560,-999.000000,-999.000000
43.326617,-999.000000,-999.000000
43.351765,-999.000000,-999.000000
43.365885,-999.000000,-999.000000
43.385101,-999.000000,-999.000000
43.404291,-999.000000,-999.000000
43.434540,-999.000000,-999.000000
43.452169,-999.000000,-999.000000
43.472772,-999.000000,-999.000000
43.485810,-999.000000,-999.000000
43.504039,-999.000000,-999.000000
43.526125,-999.000000,-999.000000
43.552229,-999.000000,-999.000000
43.575989,-999.000000,-999.000000
43.585482,-999.000000,-999.000000
43.604789,-999.000000,-999.000000
43.624914,-999.000000,-999.000000
43.651666,-999.000000,-999.000000
43.674885,-999.000000,-999.000000
43.694653,-999.000000,-999.000000
43.713805,-999.000000,-999.000000
43.731968,-999.000000,-999.000000
43.746478,-999.000000,-999.000000
43.765371,-999.000000,-999.000000
43.793661,-999.000000,-999.000000
43.816070,-999.000000,-999.000000
43.824902,-999.000000,-999.000000
43.851383,-999.000000,-999.000000
43.874213,-999.000000,-999.000000
43.893631,-999.000000,-999.000000
43.914114,-999.000000,-999.000000
43.934710,-999.000000,-999.000000
43.943716,-999.000000,-999.000000
43.965424,-999.000000,-999.000000
43.996258,-999.000000,-999.000000
44.013496,-999.000000,-999.000000
44.031730,-999.000000,-999.000000
44.054833,-999.000000,-999.000000
44.074658,-999.000000,-999.000000
44.085812,-999.000000,-999.000000
44.104773,-999.000000,-999.000000
44.132678,-999.000000,-999.000000
44.145677,-999.000000,-999.000000
44.172351,-999.000000,-999.000000
44.186480,-999.000000,-999.000000
44.203862,-999.000000,-999.000000
44.231465,-999.000000,-999.000000
44.253719,-999.000000,-999.000000
44.271922,-999.000000,-999.000000
44.292076,-999.000000,-999.000000
44.305588,-999.000000,-999.000000
44.332065,-999.000000,-999.000000
44.345237,-999.000000,-999.000000
44.371948,-999.000000,-999.000000
44.387224,-999.000000,-999.000000
44.414582,-999.000000,-999.000000
44.433864,-999.000000,-999.000000
44.451654,-999.000000,-999.000000
44.466147,-999.000000,-999.000000
44.485451,-999.000000,-999.000000
44.504517,-999.000000,-999.000000
44.526943,-999.000000,-999.000000
44.546277,-999.000000,-999.000000
44.564599,-999.000000,-999.000000
44.584918,-999.000000,-999.000000
44.604911,-999.000000,-999.000000
44.623922,-999.000000,-999.000000
44.652069,-999.000000,-999.000000
44.665271,-999.000000,-999.000000
44.691378,-999.000000,-999.000000
44.714971,-999.000000,-999.000000
44.731930,-999.000000,-999.000000
44.746495,-999.000000,-999.000000
44.766387,-999.000000,-999.000000
44.793904,-999.000000,-999.000000
44.811810,-999.000000,-999.000000
44.825178,-999.000000,-999.000000
44.844788,-999.000000,-999.000000
44.872635,-999.000000,-999.000000
44.886387,-999.000000,-999.000000
44.905165,-999.000000,-999.000000
44.935430,-999.000000,-999.000000
44.945325,-999.000000,-999.000000
44.965477,-999.000000,-999.000000
44.983979,-999.000000,-999.000000
45.005043,-999.000000,-999.000000
45.024138,-999.000000,-999.000000
45.045847,-999.000000,-999.000000
45.074227,-999.000000,-999.000000
45.092837,-999.000000,-999.000000
45.117159,-999.000000,-999.000000
45.134673,-999.000000,-999.000000
45.146265,-999.000000,-999.000000
45.165685,-999.000000,-999.000000
45.194436,-999.000000,-999.000000
45.205734,-999.000000,-999.000000
45.224353,-999.000000,-999.000000
45.255017,-999.000000,-999.000000
45.264787,-999.000000,-999.000000
45.287210,-999.000000,-999.000000
45.306732,-999.000000,-999.000000
45.326076,-999.000000,-999.000000
45.355102,-999.000000,-999.000000
45.363608,-999.000000,-999.000000
45.387060,-999.000000,-999.000000
45.412665,-999.000000,-999.000000
45.426787,-999.000000,-999.000000
45.446694,-999.000000,-999.000000
45.464658,-999.000000,-999.000000
45.492604,-999.000000,-999.000000
45.512897,-999.000000,-999.000000
45.534895,-999.000000,-999.000000
45.551847,-999.000000,-999.000000
45.573932,-999.000000,-999.000000
45.592106,-999.000000,-999.000000
45.604400,-999.000000,-999.000000
45.632160,-999.000000,-999.000000
45.654736,-999.000000,-999.000000
45.673754,-999.000000,-999.000000
45.692027,-999.000000,-999.000000
45.711711,-999.000000,-999.000000
45.732890,-999.000000,-999.000000
45.751792,-999.000000,-999.000000
45.774751,-999.000000,-999.000000
45.784978,-999.000000,-999.000000
45.813248,-999.000000,-999.000000
45.835505,-999.000000,-999.000000
45.853828,-999.000000,-999.000000
45.873352,-999.000000,-999.000000
45.892762,-999.000000,-999.000000
45.912182,-999.000000,-999.000000
45.926257,-999.000000,-999.000000
45.944748,-999.000000,-999.000000
45.972822,-999.000000,-999.000000
45.985774,-999.000000,-999.000000
46.011613,-999.000000,-999.000000
46.024442,-999.000000,-999.000000
46.053260,-999.000000,-999.000000
46.071610,-999.000000,-999.000000
46.086217,-999.000000,-999.000000
46.113281,-999.000000,-999.000000
46.135174,-999.000000,-999.000000
46.154289,-999.000000,-999.000000
46.171962,-999.000000,-999.000000
46.186685,-999.000000,-999.000000
46.207530,-999.000000,-999.000000
46.224743,-999.000000,-999.000000
46.252872,-999.000000,-999.000000
46.271822,-999.000000,-999.000000
46.284695,-999.000000,-999.000000
46.305391,-999.000000,-999.000000
46.324437,-999.000000,-999.000000
46.351706,-999.000000,-999.000000
46.364513,-999.000000,-999.000000
46.395131,-999.000000,-999.000000
46.405150,-999.000000,-999.000000
46.426692,-999.000000,-999.000000
46.446511,-999.000000,-999.000000
46.465457,-999.000000,-999.000000
46.494248,-999.000000,-999.000000
46.512266,-999.000000,-999.000000
46.535116,-999.000000,-999.000000
46.553293,-999.000000,-999.000000
46.574937,-999.000000,-999.000000
46.592200,-999.000000,-999.000000
46.613560,-999.000000,-999.000000
46.632549,-999.000000,-999.000000
46.646239,-999.000000,-999.000000
46.673395,-999.000000,-999.000000
46.691333,-999.000000,-999.000000
46.705327,-999.000000,-999.000000
46.735324,-999.000000,-999.000000
46.754005,-999.000000,-999.000000
46.771556,-999.000000,-999.000000
46.785569,-999.000000,-999.000000
46.811817,-999.000000,-999.000000
46.833561,-999.000000,-999.000000
46.844871,-999.000000,-999.000000
46.872025,-999.000000,-999.000000
46.884690,-999.000000,-999.000000
46.915317,-999.000000,-999.000000
46.925519,-999.000000,-999.000000
46.944840,-999.000000,-999.000000
46.966346,-999.000000,-999.000000
46.994366,-999.000000,-999.000000
47.004508,-999.000000,-999.000000
47.022886,-999.000000,-999.000000
47.045515,-999.000000,-999.000000
47.073544,-999.000000,-999.000000
47.084142,-999.000000,-999.000000
47.113721,-999.000000,-999.000000
47.131690,-999.000000,-999.000000
47.147377,-999.000000,-999.000000
47.165489,-999.000000,-999.000000
47.184954,-999.000000,-999.000000
47.213185,-999.000000,-999.000000
47.231648,-999.000000,-999.000000
47.246638,-999.000000,-999.000000
47.272521,-999.000000,-999.000000
47.295179,-999.000000,-999.000000
47.305688,-999.000000,-999.000000
47.334912,-999.000000,-999.000000
47.344615,-999.000000,-999.000000
47.376306,-999.000000,-999.000000
47.394517,-999.000000,-999.000000
47.405246,-999.000000,-999.000000
47.425197,-999.000000,-999.000000
47.452128,-999.000000,-999.000000
47.464945,-999.000000,-999.000000
47.484342,-999.000000,-999.000000
47.505289,-999.000000,-999.000000
47.531712,-999.000000,-999.000000
47.551816,-999.000000,-999.000000
47.566540,-999.000000,-999.000000
47.595018,-999.000000,-999.000000
47.604655,-999.000000,-999.000000
47.637011,-999.000000,-999.000000
47.646947,-999.000000,-999.000000
47.665839,-999.000000,-999.000000
47.693806,-999.000000,-999.000000
47.713667,-999.000000,-999.000000
47.731978,-999.000000,-999.000000
47.754046,-999.000000,-999.000000
47.773004,-999.000000,-999.000000
47.794984,-999.000000,-999.000000
47.805738,-999.000000,-999.000000
47.826214,-999.000000,-999.000000
47.846480,-999.000000,-999.000000
47.864596,-999.000000,-999.000000
47.895258,-999.000000,-999.000000
47.906279,-999.000000,-999.000000
47.935312,-999.000000,-999.000000
47.953272,-999.000000,-999.000000
47.975244,-999.000000,-999.000000
47.992575,-999.000000,-999.000000
48.013010,-999.000000,-999.000000
48.025559,-999.000000,-999.000000
48.055880,-999.000000,-999.000000
48.075922,-999.000000,-999.000000
48.093463,-999.000000,-999.000000
48.114738,-999.000000,-999.000000
48.133292,-999.000000,-999.000000
48.151713,-999.000000,-999.000000
48.165755,-999.000000,-999.000000
48.192930,-999.000000,-999.000000
48.207755,-999.000000,-999.000000
48.225983,-999.000000,-999.000000
