event_type,fields
START,100931028 RIGHT SAMPLES EVENTS
INPUT,100931028 127
SFIX,R 100931035
EFIX,R 100931035 100933039 2005 807.7 308.4 2416
SSACC,R 100933040
ESACC,R 100933040 100933056 17 809.7 291.7 817.6 234.8 0.98 98
SFIX,R 100933057
EFIX,R 100933057 100933391 335 813.1 241.6 2725
SSACC,R 100933392
ESACC,R 100933392 100933410 19 811.4 243.9 728.2 250.9 1.42 115
SFIX,R 100933411
EFIX,R 100933411 100933625 215 715.0 251.9 2909
SSACC,R 100933626
ESACC,R 100933626 100933649 24 716.5 250.6 798.2 302.3 1.65 105
SFIX,R 100933650
EFIX,R 100933650 100934445 796 804.7 303.6 2880
SSACC,R 100934446
SBLINK,R 100934467
EBLINK,R 100934467 100934563 97
ESACC,R 100934446 100934605 160 808.2 308.2 602.9 285.0 3.50 545
SFIX,R 100934606
EFIX,R 100934606 100934758 153 604.4 231.4 2983
SSACC,R 100934759
ESACC,R 100934759 100934790 32 599.8 236.2 552.9 -25.4 4.52 239
SFIX,R 100934791
EFIX,R 100934791 100934982 192 547.5 -41.2 2999
SSACC,R 100934983
ESACC,R 100934983 100934989 7 541.3 -37.1 527.3 -34.2 0.24 37
SFIX,R 100934990
EFIX,R 100934990 100935122 133 519.2 -32.0 2554
SSACC,R 100935123
ESACC,R 100935123 100935132 10 520.4 -29.4 552.2 -28.3 0.53 60
SFIX,R 100935133
EFIX,R 100935133 100935364 232 560.7 -24.2 2010
SSACC,R 100935365
ESACC,R 100935365 100935380 16 559.7 -22.0 622.6 -18.3 1.06 93
SFIX,R 100935381
EFIX,R 100935381 100935517 137 625.3 -11.0 1844
SSACC,R 100935518
ESACC,R 100935518 100935541 24 625.1 -8.2 479.4 -27.4 2.46 172
SFIX,R 100935542
EFIX,R 100935542 100935837 296 471.9 -26.0 1962
SSACC,R 100935838
ESACC,R 100935838 100935869 32 473.9 -25.4 191.5 -19.9 4.64 258
SFIX,R 100935870
EFIX,R 100935870 100936056 187 178.4 -19.2 1953
SSACC,R 100936057
ESACC,R 100936057 100936063 7 177.2 -21.7 194.4 -20.3 0.28 41
SFIX,R 100936064
EFIX,R 100936064 100936207 144 199.3 -23.1 1848
SSACC,R 100936208
ESACC,R 100936208 100936241 34 200.8 -24.0 297.9 281.9 5.36 257
SFIX,R 100936242
EFIX,R 100936242 100936406 165 305.2 318.1 2119
SSACC,R 100936407
ESACC,R 100936407 100936419 13 308.9 317.0 357.0 300.3 0.84 84
SFIX,R 100936420
EFIX,R 100936420 100939309 2890 376.9 280.5 2698
SSACC,R 100939310
SBLINK,R 100939328
EBLINK,R 100939328 100939406 79
ESACC,R 100939310 100939442 133 372.2 288.5 810.9 362.0 7.46 321
SFIX,R 100939443
EFIX,R 100939443 100939738 296 810.5 333.7 1992
SSACC,R 100939739
ESACC,R 100939739 100939746 8 803.9 341.5 807.8 315.6 0.45 58
SFIX,R 100939747
EFIX,R 100939747 100940535 789 807.1 315.1 2328
SSACC,R 100940536
ESACC,R 100940536 100940549 14 807.2 319.0 812.8 366.9 0.83 80
SFIX,R 100940550
EFIX,R 100940550 100940766 217 810.1 361.4 2299
SSACC,R 100940767
ESACC,R 100940767 100940782 16 810.5 361.7 798.0 306.9 0.96 93
SFIX,R 100940783
EFIX,R 100940783 100941753 971 804.0 318.1 2354
SSACC,R 100941754
ESACC,R 100941754 100941768 15 806.3 322.8 808.6 269.8 0.91 92
SFIX,R 100941769
EFIX,R 100941769 100942216 448 809.5 274.0 2182
SSACC,R 100942217
ESACC,R 100942217 100942233 17 807.2 270.4 806.1 334.8 1.10 103
SFIX,R 100942234
EFIX,R 100942234 100942464 231 804.8 325.5 2411
SSACC,R 100942465
ESACC,R 100942465 100942479 15 802.3 319.4 775.1 303.7 0.53 43
SFIX,R 100942480
EFIX,R 100942480 100942614 135 760.6 296.3 2477
SSACC,R 100942615
ESACC,R 100942615 100942640 26 760.6 294.5 599.3 295.4 2.73 175
SFIX,R 100942641
EFIX,R 100942641 100942976 336 580.1 301.3 2509
SSACC,R 100942977
ESACC,R 100942977 100943005 29 578.6 301.4 381.2 289.5 3.30 197
SFIX,R 100943006
EFIX,R 100943006 100945765 2760 371.3 285.4 2465
SSACC,R 100945766
SBLINK,R 100945785
EBLINK,R 100945785 100945901 117
ESACC,R 100945766 100945934 169 367.3 285.6 176.1 -6.4 5.81 485
SFIX,R 100945935
EFIX,R 100945935 100946280 346 169.3 -20.7 2313
SSACC,R 100946281
ESACC,R 100946281 100946291 11 160.1 -15.1 196.1 -23.3 0.60 63
SFIX,R 100946292
EFIX,R 100946292 100946608 317 201.8 -23.8 1683
SSACC,R 100946609
ESACC,R 100946609 100946625 17 200.8 -24.0 130.3 -16.9 1.14 95
SFIX,R 100946626
EFIX,R 100946626 100947375 750 102.2 -17.1 1728
SSACC,R 100947376
ESACC,R 100947376 100947403 28 70.9 -17.0 -152.6 -56.6 3.55 200
SFIX,R 100947404
EFIX,R 100947404 100947626 223 -182.8 -52.9 1791
SSACC,R 100947627
ESACC,R 100947627 100947655 29 -182.3 -53.9 -100.6 171.4 3.87 209
SFIX,R 100947656
EFIX,R 100947656 100947844 189 -85.8 230.5 2210
SSACC,R 100947845
ESACC,R 100947845 100947872 28 -82.1 230.5 -171.5 52.7 3.21 195
SFIX,R 100947873
EFIX,R 100947873 100948050 178 -176.3 38.8 2236
SSACC,R 100948051
ESACC,R 100948051 100948092 42 -177.3 39.2 -103.9 400.4 5.99 211
SFIX,R 100948093
EFIX,R 100948093 100948358 266 -79.5 441.9 2511
SSACC,R 100948359
ESACC,R 100948359 100948384 26 -77.2 441.4 38.1 270.1 3.34 272
SFIX,R 100948385
EFIX,R 100948385 100948593 209 40.7 255.1 2725
SSACC,R 100948594
ESACC,R 100948594 100948627 34 41.9 252.4 365.7 284.4 5.27 280
SFIX,R 100948628
EFIX,R 100948628 100948970 343 376.0 286.9 2788
SSACC,R 100948971
ESACC,R 100948971 100949015 45 375.7 286.1 802.3 324.7 7.19 294
SFIX,R 100949016
EFIX,R 100949016 100949424 409 801.0 324.7 2559
SSACC,R 100949425
ESACC,R 100949425 100949440 16 798.9 320.8 780.9 268.5 0.95 94
SFIX,R 100949441
EFIX,R 100949441 100950050 610 780.9 265.8 2788
SSACC,R 100950051
ESACC,R 100950051 100950084 34 782.7 263.2 494.0 274.2 4.87 235
SFIX,R 100950085
EFIX,R 100950085 100950323 239 480.1 277.0 2994
SSACC,R 100950324
ESACC,R 100950324 100950342 19 479.0 278.6 400.6 274.5 1.31 114
SFIX,R 100950343
EFIX,R 100950343 100950601 259 390.9 276.7 2937
SSACC,R 100950602
ESACC,R 100950602 100950642 41 390.3 277.0 816.5 329.3 7.21 310
SFIX,R 100950643
EFIX,R 100950643 100950846 204 819.4 339.8 2625
SSACC,R 100950847
ESACC,R 100950847 100950855 9 813.2 336.5 798.4 311.4 0.50 60
SFIX,R 100950856
EFIX,R 100950856 100951322 467 796.7 309.2 2744
SSACC,R 100951323
ESACC,R 100951323 100951329 7 798.5 305.4 806.9 290.1 0.30 43
SFIX,R 100951330
EFIX,R 100951330 100951826 497 804.8 281.5 2911
SSACC,R 100951827
ESACC,R 100951827 100951835 9 806.4 288.2 816.4 303.0 0.31 40
SFIX,R 100951836
EFIX,R 100951836 100952395 560 814.0 304.6 2885
SSACC,R 100952396
ESACC,R 100952396 100952423 28 815.4 308.5 623.5 258.3 3.36 211
SFIX,R 100952424
EFIX,R 100952424 100953400 977 606.5 253.4 2910
SSACC,R 100953401
ESACC,R 100953401 100953428 28 613.3 242.1 794.4 304.9 3.25 216
SFIX,R 100953429
EFIX,R 100953429 100954267 839 799.8 311.1 2677
SSACC,R 100954268
ESACC,R 100954268 100954280 13 807.5 314.0 802.2 362.3 0.83 80
SFIX,R 100954281
EFIX,R 100954281 100954875 595 799.2 361.7 2560
SSACC,R 100954876
SBLINK,R 100954894
EBLINK,R 100954894 100955003 110
ESACC,R 100954876 100955042 167 797.0 364.4 770.3 285.5 1.42 301
SFIX,R 100955043
EFIX,R 100955043 100955157 115 779.5 221.6 2430
SSACC,R 100955158
ESACC,R 100955158 100955175 18 776.2 230.2 800.1 301.5 1.29 90
SFIX,R 100955176
EFIX,R 100955176 100956162 987 796.7 299.1 2668
SSACC,R 100956163
ESACC,R 100956163 100956194 32 795.8 301.3 700.1 12.4 5.20 283
SFIX,R 100956195
EFIX,R 100956195 100956360 166 676.5 -9.6 2602
SSACC,R 100956361
ESACC,R 100956361 100956371 11 670.4 -9.3 637.6 -15.9 0.56 61
SFIX,R 100956372
EFIX,R 100956372 100956614 243 628.9 -16.2 2200
SSACC,R 100956615
ESACC,R 100956615 100956632 18 629.3 -16.7 702.5 -12.9 1.24 104
SFIX,R 100956633
EFIX,R 100956633 100956804 172 710.1 -7.2 1882
SSACC,R 100956805
ESACC,R 100956805 100956825 21 710.2 -8.9 620.3 -16.7 1.52 105
SFIX,R 100956826
EFIX,R 100956826 100957072 247 606.4 -16.8 1997
SSACC,R 100957073
ESACC,R 100957073 100957106 34 606.6 -14.9 652.6 262.3 4.79 225
SFIX,R 100957107
EFIX,R 100957107 100957553 447 654.4 275.6 2166
SSACC,R 100957554
ESACC,R 100957554 100957566 13 659.7 271.8 700.5 265.8 0.70 64
SFIX,R 100957567
EFIX,R 100957567 100957983 417 711.9 260.4 2602
SSACC,R 100957984
ESACC,R 100957984 100958006 23 712.1 256.4 799.9 344.8 2.12 166
SFIX,R 100958007
EFIX,R 100958007 100958208 202 802.8 350.0 2676
SSACC,R 100958209
ESACC,R 100958209 100958217 9 803.8 349.3 807.1 320.3 0.50 61
SFIX,R 100958218
EFIX,R 100958218 100959289 1072 803.0 312.4 2764
SSACC,R 100959290
SBLINK,R 100959321
EBLINK,R 100959321 100959417 97
ESACC,R 100959290 100959455 166 802.4 308.2 393.8 250.7 6.93 450
SFIX,R 100959456
EFIX,R 100959456 100959654 199 392.3 247.4 2766
SSACC,R 100959655
ESACC,R 100959655 100959667 13 391.1 248.9 377.3 289.4 0.72 74
SFIX,R 100959668
EFIX,R 100959668 100960691 1024 381.1 280.5 2920
SSACC,R 100960692
ESACC,R 100960692 100960739 48 380.4 280.1 782.7 291.9 6.75 258
SFIX,R 100960740
EFIX,R 100960740 100961362 623 781.3 295.6 2555
SSACC,R 100961363
ESACC,R 100961363 100961371 9 780.3 295.9 754.1 301.1 0.45 55
SFIX,R 100961372
EFIX,R 100961372 100961502 131 750.4 304.4 2751
SSACC,R 100961503
ESACC,R 100961503 100961526 24 749.3 304.9 616.1 293.4 2.26 155
SFIX,R 100961527
EFIX,R 100961527 100961807 281 599.2 294.5 2889
SSACC,R 100961808
ESACC,R 100961808 100961813 6 599.1 290.5 600.1 277.8 0.22 37
SFIX,R 100961814
EFIX,R 100961814 100962417 604 599.4 273.7 2928
SSACC,R 100962418
ESACC,R 100962418 100962446 29 598.0 275.5 400.3 278.3 3.30 194
SFIX,R 100962447
EFIX,R 100962447 100963461 1015 386.5 287.6 2688
SSACC,R 100963462
SBLINK,R 100963480
EBLINK,R 100963480 100963685 206
ESACC,R 100963462 100963733 272 384.4 297.2 255.9 221.6 2.47 359
SFIX,R 100963734
EFIX,R 100963734 100963920 187 253.8 221.4 2489
SSACC,R 100963921
ESACC,R 100963921 100963945 25 253.9 219.6 375.0 295.7 2.37 175
SFIX,R 100963946
EFIX,R 100963946 100964160 215 382.0 295.5 2599
SSACC,R 100964161
ESACC,R 100964161 100964194 34 387.5 288.3 195.9 14.0 5.57 263
SFIX,R 100964195
EFIX,R 100964195 100964833 639 143.8 -23.2 2297
SSACC,R 100964834
ESACC,R 100964834 100964850 17 122.6 -21.0 187.2 -23.9 1.04 97
SFIX,R 100964851
EFIX,R 100964851 100965464 614 203.7 -24.5 1921
SSACC,R 100965465
ESACC,R 100965465 100965523 59 213.2 -25.4 670.0 226.9 8.68 244
SFIX,R 100965524
EFIX,R 100965524 100966068 545 697.6 259.5 2207
SSACC,R 100966069
ESACC,R 100966069 100966088 20 699.0 257.5 613.9 287.9 1.53 116
SFIX,R 100966089
EFIX,R 100966089 100966259 171 603.1 294.7 2623
SSACC,R 100966260
ESACC,R 100966260 100966284 25 603.2 291.0 778.9 318.6 3.01 216
SFIX,R 100966285
EFIX,R 100966285 100967033 749 792.3 322.7 2570
SSACC,R 100967034
SBLINK,R 100967061
EBLINK,R 100967061 100967297 237
ESACC,R 100967034 100967306 273 789.6 326.5 705.9 322.3 1.42 377
SFIX,R 100967307
EFIX,R 100967307 100967515 209 367.6 603.2 2336
SSACC,R 100967516
ESACC,R 100967516 100967538 23 364.5 580.8 427.7 685.4 2.03 155
SFIX,R 100967539
EFIX,R 100967539 100967715 177 435.0 685.6 2495
SSACC,R 100967716
ESACC,R 100967716 100967750 35 440.7 682.1 404.2 343.1 5.71 293
SFIX,R 100967751
EFIX,R 100967751 100967966 216 388.4 308.5 2837
SSACC,R 100967967
ESACC,R 100967967 100967974 8 383.9 303.1 371.1 286.4 0.35 46
SFIX,R 100967975
EFIX,R 100967975 100970155 2181 377.2 291.0 2687
SSACC,R 100970156
ESACC,R 100970156 100970196 41 383.9 293.3 781.6 307.1 6.67 256
SFIX,R 100970197
EFIX,R 100970197 100971139 943 782.0 308.1 2586
SSACC,R 100971140
ESACC,R 100971140 100971161 22 775.5 304.6 664.0 284.9 1.92 119
SFIX,R 100971162
EFIX,R 100971162 100971678 517 639.4 282.9 2842
SSACC,R 100971679
SBLINK,R 100971699
EBLINK,R 100971699 100971809 111
ESACC,R 100971679 100971836 158 638.9 282.3 735.6 538.0 4.65 538
SFIX,R 100971837
EFIX,R 100971837 100972138 302 768.9 339.8 2818
SSACC,R 100972139
SBLINK,R 100972159
EBLINK,R 100972159 100972349 191
ESACC,R 100972139 100972397 259 771.3 314.8 920.2 365.8 2.68 398
SFIX,R 100972398
EFIX,R 100972398 100973001 604 948.8 215.3 2653
SSACC,R 100973002
ESACC,R 100973002 100973020 19 953.0 198.0 930.4 117.3 1.44 123
SFIX,R 100973021
EFIX,R 100973021 100973210 190 929.2 106.4 2940
SSACC,R 100973211
ESACC,R 100973211 100973232 22 923.9 113.1 838.3 180.6 1.86 131
SFIX,R 100973233
EFIX,R 100973233 100973647 415 823.7 192.0 2758
SSACC,R 100973648
ESACC,R 100973648 100973670 23 822.6 193.3 853.1 297.9 1.87 143
SFIX,R 100973671
EFIX,R 100973671 100973939 269 854.5 296.5 2588
SSACC,R 100973940
ESACC,R 100973940 100973957 18 857.8 299.9 870.4 365.2 1.14 79
SFIX,R 100973958
EFIX,R 100973958 100974256 299 870.0 376.1 2664
SSACC,R 100974257
ESACC,R 100974257 100974276 20 871.1 372.9 794.9 336.5 1.44 102
SFIX,R 100974277
EFIX,R 100974277 100975389 1113 783.1 337.1 2624
SSACC,R 100975390
SBLINK,R 100975408
EBLINK,R 100975408 100975602 195
ESACC,R 100975390 100975652 263 781.1 330.3 865.6 266.8 1.80 300
SFIX,R 100975653
EFIX,R 100975653 100975799 147 883.9 150.0 2382
SSACC,R 100975800
ESACC,R 100975800 100975829 30 882.2 140.3 703.8 -11.5 3.99 240
SFIX,R 100975830
EFIX,R 100975830 100976042 213 689.4 -5.4 2468
SSACC,R 100976043
ESACC,R 100976043 100976053 11 693.0 -6.4 723.5 -7.7 0.52 54
SFIX,R 100976054
EFIX,R 100976054 100976993 940 736.8 -7.4 2124
SSACC,R 100976994
ESACC,R 100976994 100977011 18 743.3 -1.6 789.4 5.3 0.79 53
SFIX,R 100977012
EFIX,R 100977012 100977513 502 832.4 14.0 2143
SSACC,R 100977514
ESACC,R 100977514 100977543 30 834.2 12.7 592.9 -10.4 4.10 223
SFIX,R 100977544
EFIX,R 100977544 100977870 327 570.5 -8.5 1829
SSACC,R 100977871
ESACC,R 100977871 100977903 33 567.5 -8.7 557.4 257.1 4.52 200
SFIX,R 100977904
EFIX,R 100977904 100978132 229 555.4 299.3 1620
SSACC,R 100978133
ESACC,R 100978133 100978142 10 560.0 298.7 586.4 310.0 0.48 54
SFIX,R 100978143
EFIX,R 100978143 100978343 201 590.6 309.3 1890
SSACC,R 100978344
ESACC,R 100978344 100978370 27 591.2 306.2 395.8 293.6 3.27 214
SFIX,R 100978371
EFIX,R 100978371 100979495 1125 382.9 287.4 2636
SSACC,R 100979496
ESACC,R 100979496 100979534 39 392.9 285.4 749.5 290.8 5.98 254
SFIX,R 100979535
EFIX,R 100979535 100979856 322 752.9 293.4 2451
SSACC,R 100979857
ESACC,R 100979857 100979867 11 754.2 292.9 787.5 306.9 0.61 66
SFIX,R 100979868
EFIX,R 100979868 100980505 638 794.0 311.9 2573
SSACC,R 100980506
ESACC,R 100980506 100980518 13 795.3 312.8 815.0 348.0 0.69 70
SFIX,R 100980519
EFIX,R 100980519 100981654 1136 808.3 344.3 2671
SSACC,R 100981655
ESACC,R 100981655 100981662 8 806.2 341.0 805.6 318.0 0.39 51
SFIX,R 100981663
EFIX,R 100981663 100982410 748 803.6 317.5 2695
SSACC,R 100982411
SBLINK,R 100982430
EBLINK,R 100982430 100982659 230
ESACC,R 100982411 100982700 290 803.6 320.5 530.9 340.9 4.62 418
SFIX,R 100982701
EFIX,R 100982701 100982907 207 535.5 257.4 2516
SSACC,R 100982908
ESACC,R 100982908 100982930 23 533.9 257.8 403.4 288.9 2.24 148
SFIX,R 100982931
EFIX,R 100982931 100984276 1346 388.9 283.5 2802
SSACC,R 100984277
ESACC,R 100984277 100984317 41 388.2 284.8 712.9 293.5 5.44 192
SFIX,R 100984318
EFIX,R 100984318 100985121 804 784.7 314.8 2512
SSACC,R 100985122
ESACC,R 100985122 100985150 29 782.6 309.4 572.7 288.4 3.56 198
SFIX,R 100985151
EFIX,R 100985151 100985338 188 559.4 285.3 3075
SSACC,R 100985339
ESACC,R 100985339 100985347 9 560.9 284.1 581.1 280.3 0.35 44
SFIX,R 100985348
EFIX,R 100985348 100985680 333 587.6 281.4 3048
SSACC,R 100985681
ESACC,R 100985681 100985708 28 588.7 282.1 422.7 280.9 2.78 158
SFIX,R 100985709
EFIX,R 100985709 100986758 1050 409.6 273.3 3031
SSACC,R 100986759
ESACC,R 100986759 100986793 35 401.6 253.9 222.4 545.9 5.70 272
SFIX,R 100986794
EFIX,R 100986794 100987201 408 194.6 554.3 2917
SSACC,R 100987202
SBLINK,R 100987226
EBLINK,R 100987226 100987374 149
ESACC,R 100987202 100987420 219 183.6 534.9 241.8 218.7 5.35 226
SFIX,R 100987421
EFIX,R 100987421 100988190 770 236.6 217.3 3062
SSACC,R 100988191
ESACC,R 100988191 100988224 34 236.8 216.6 558.1 274.8 5.41 282
SFIX,R 100988225
EFIX,R 100988225 100988951 727 571.8 282.3 2985
SSACC,R 100988952
ESACC,R 100988952 100988960 9 574.2 278.6 592.6 272.6 0.33 41
SFIX,R 100988961
EFIX,R 100988961 100989262 302 600.5 273.8 3040
SSACC,R 100989263
ESACC,R 100989263 100989288 26 598.6 275.0 767.9 275.4 2.86 174
SFIX,R 100989289
EFIX,R 100989289 100990048 760 796.9 268.9 2853
SSACC,R 100990049
ESACC,R 100990049 100990061 13 797.1 271.6 812.2 316.3 0.81 80
SFIX,R 100990062
EFIX,R 100990062 100990846 785 806.8 317.6 2840
SSACC,R 100990847
ESACC,R 100990847 100990861 15 804.6 317.9 787.9 267.3 0.91 84
SFIX,R 100990862
EFIX,R 100990862 100991096 235 791.0 270.4 2780
SSACC,R 100991097
ESACC,R 100991097 100991140 44 791.3 271.5 454.6 -3.7 7.35 286
SFIX,R 100991141
EFIX,R 100991141 100991282 142 438.8 -20.1 2906
SSACC,R 100991283
ESACC,R 100991283 100991290 8 434.4 -21.7 415.8 -30.0 0.34 45
SFIX,R 100991291
EFIX,R 100991291 100991947 657 401.1 -28.3 1687
SSACC,R 100991948
ESACC,R 100991948 100991968 21 396.7 -27.3 468.4 36.4 1.61 113
SFIX,R 100991969
EFIX,R 100991969 100992449 481 469.8 39.3 1672
SSACC,R 100992450
ESACC,R 100992450 100992475 26 472.2 38.4 480.6 192.4 2.62 134
SFIX,R 100992476
EFIX,R 100992476 100992744 269 491.3 259.6 2254
SSACC,R 100992745
ESACC,R 100992745 100992757 13 494.4 265.1 535.1 253.7 0.71 68
SFIX,R 100992758
EFIX,R 100992758 100993280 523 540.4 243.5 2574
SSACC,R 100993281
SBLINK,R 100993300
EBLINK,R 100993300 100993440 141
ESACC,R 100993281 100993486 206 544.0 236.5 768.3 288.2 3.89 445
SFIX,R 100993487
EFIX,R 100993487 100993823 337 775.4 224.0 2450
SSACC,R 100993824
ESACC,R 100993824 100993835 12 770.8 234.4 754.9 264.8 0.59 59
SFIX,R 100993836
EFIX,R 100993836 100994049 214 755.7 268.6 2605
SSACC,R 100994050
ESACC,R 100994050 100994077 28 758.5 267.1 574.1 266.2 3.12 187
SFIX,R 100994078
EFIX,R 100994078 100994826 749 560.1 264.6 2978
SSACC,R 100994827
ESACC,R 100994827 100994839 13 560.4 265.4 601.0 277.3 0.71 69
SFIX,R 100994840
EFIX,R 100994840 100995024 185 601.9 283.1 2882
SSACC,R 100995025
ESACC,R 100995025 100995041 17 599.9 285.2 668.5 275.9 1.17 104
SFIX,R 100995042
EFIX,R 100995042 100995614 573 676.4 272.7 2782
SSACC,R 100995615
ESACC,R 100995615 100995624 10 676.8 274.2 663.0 250.6 0.47 52
SFIX,R 100995625
EFIX,R 100995625 100995753 129 657.0 248.3 2706
SSACC,R 100995754
ESACC,R 100995754 100995792 39 656.1 245.3 430.4 -5.4 5.70 217
SFIX,R 100995793
EFIX,R 100995793 100996393 601 401.2 -30.3 1986
SSACC,R 100996394
ESACC,R 100996394 100996421 28 399.7 -23.3 591.5 -15.0 3.20 195
SFIX,R 100996422
EFIX,R 100996422 100997260 839 607.3 -16.8 1856
SSACC,R 100997261
SBLINK,R 100997277
EBLINK,R 100997277 100997450 174
ESACC,R 100997261 100997493 233 610.3 -15.0 765.3 256.4 5.32 203
SFIX,R 100997494
EFIX,R 100997494 100997757 264 775.5 199.4 1988
SSACC,R 100997758
ESACC,R 100997758 100997767 10 777.8 203.3 803.9 209.0 0.45 51
SFIX,R 100997768
EFIX,R 100997768 100998153 386 810.2 208.7 2325
SSACC,R 100998154
ESACC,R 100998154 100998167 14 813.3 202.3 848.9 208.4 0.61 57
SFIX,R 100998168
EFIX,R 100998168 100998490 323 877.1 199.6 2617
SSACC,R 100998491
ESACC,R 100998491 100998504 14 876.4 206.5 828.4 198.6 0.83 74
SFIX,R 100998505
EFIX,R 100998505 100999088 584 821.1 200.6 2593
SSACC,R 100999089
ESACC,R 100999089 100999164 76 816.5 202.7 391.8 -31.7 8.16 168
SFIX,R 100999165
EFIX,R 100999165 100999929 765 307.3 -63.1 1997
SSACC,R 100999930
ESACC,R 100999930 100999949 20 306.7 -63.9 401.6 -37.8 1.62 132
SFIX,R 100999950
EFIX,R 100999950 101000487 538 401.9 -28.4 1869
SSACC,R 101000488
ESACC,R 101000488 101000515 28 398.1 -26.8 600.0 3.4 3.41 214
SFIX,R 101000516
EFIX,R 101000516 101001834 1319 608.5 9.2 1947
SSACC,R 101001835
SBLINK,R 101001850
EBLINK,R 101001850 101002060 211
ESACC,R 101001835 101002077 243 614.2 15.6 765.6 246.3 4.70 174
SFIX,R 101002078
EFIX,R 101002078 101002598 521 772.1 198.1 2005
SSACC,R 101002599
ESACC,R 101002599 101002610 12 774.6 193.5 806.2 176.2 0.61 62
SFIX,R 101002611
EFIX,R 101002611 101003343 733 808.6 174.2 2400
SSACC,R 101003344
ESACC,R 101003344 101003386 43 807.8 176.0 876.7 -41.8 3.91 121
SFIX,R 101003387
EFIX,R 101003387 101003906 520 878.7 -75.3 2071
SSACC,R 101003907
ESACC,R 101003907 101003947 41 878.5 -72.2 655.4 1.5 3.98 125
SFIX,R 101003948
EFIX,R 101003948 101004109 162 574.7 22.9 2433
SSACC,R 101004110
ESACC,R 101004110 101004132 23 569.4 25.4 446.2 -33.4 2.29 176
SFIX,R 101004133
EFIX,R 101004133 101005074 942 406.4 -29.7 1778
SSACC,R 101005075
ESACC,R 101005075 101005098 24 396.4 -30.6 535.8 -25.5 2.32 173
SFIX,R 101005099
EFIX,R 101005099 101006627 1529 540.5 -23.4 1939
SSACC,R 101006628
ESACC,R 101006628 101006688 61 540.9 -18.6 361.6 220.9 5.03 102
SFIX,R 101006689
EFIX,R 101006689 101006973 285 298.2 330.4 2079
SSACC,R 101006974
ESACC,R 101006974 101006994 21 296.7 334.8 357.5 304.0 1.13 69
SFIX,R 101006995
EFIX,R 101006995 101007325 331 380.6 285.6 2295
SSACC,R 101007326
ESACC,R 101007326 101007352 27 384.8 277.8 557.2 258.9 2.89 153
SFIX,R 101007353
EFIX,R 101007353 101007692 340 604.2 249.9 2733
SSACC,R 101007693
ESACC,R 101007693 101007703 11 603.6 249.0 571.5 252.5 0.54 57
SFIX,R 101007704
EFIX,R 101007704 101007873 170 564.3 255.7 2750
SSACC,R 101007874
SBLINK,R 101007894
EBLINK,R 101007894 101007965 72
ESACC,R 101007874 101008007 134 564.1 257.0 780.7 366.5 4.11 464
SFIX,R 101008008
EFIX,R 101008008 101008768 761 778.7 268.4 2658
SSACC,R 101008769
ESACC,R 101008769 101008814 46 771.7 272.8 420.1 -18.1 7.70 283
SFIX,R 101008815
EFIX,R 101008815 101009606 792 403.7 -26.0 1850
SSACC,R 101009607
ESACC,R 101009607 101009629 23 397.1 -25.4 524.1 -0.6 2.16 157
SFIX,R 101009630
EFIX,R 101009630 101009951 322 536.5 9.6 1673
SSACC,R 101009952
ESACC,R 101009952 101009998 47 541.2 9.7 531.0 438.4 7.27 246
SFIX,R 101009999
EFIX,R 101009999 101010536 538 526.2 478.0 2219
SSACC,R 101010537
ESACC,R 101010537 101010560 24 526.8 469.4 577.0 316.6 2.73 211
SFIX,R 101010561
EFIX,R 101010561 101010907 347 593.3 285.4 2632
SSACC,R 101010908
ESACC,R 101010908 101010932 25 596.4 279.9 702.3 263.3 1.81 97
SFIX,R 101010933
EFIX,R 101010933 101011160 228 709.3 263.6 2679
SSACC,R 101011161
ESACC,R 101011161 101011183 23 711.1 262.5 585.4 273.9 2.13 152
SFIX,R 101011184
EFIX,R 101011184 101011479 296 561.5 276.4 2857
SSACC,R 101011480
SBLINK,R 101011498
EBLINK,R 101011498 101011672 175
ESACC,R 101011480 101011715 236 560.0 278.2 146.2 320.1 6.84 360
SFIX,R 101011716
EFIX,R 101011716 101012248 533 138.4 290.2 2608
SSACC,R 101012249
ESACC,R 101012249 101012294 46 140.4 285.3 613.5 239.7 7.83 300
SFIX,R 101012295
EFIX,R 101012295 101012575 281 606.9 240.9 2816
SSACC,R 101012576
ESACC,R 101012576 101012585 10 606.0 239.9 573.8 247.5 0.56 63
SFIX,R 101012586
EFIX,R 101012586 101013234 649 565.2 251.2 2922
SSACC,R 101013235
ESACC,R 101013235 101013268 34 561.4 255.9 430.5 -20.7 5.18 272
SFIX,R 101013269
EFIX,R 101013269 101014261 993 405.6 -26.1 1869
SSACC,R 101014262
ESACC,R 101014262 101014293 32 401.0 -25.3 620.8 161.3 4.85 273
SFIX,R 101014294
EFIX,R 101014294 101014896 603 637.1 169.3 1993
SSACC,R 101014897
ESACC,R 101014897 101014921 25 641.4 166.6 743.9 269.6 2.47 153
SFIX,R 101014922
EFIX,R 101014922 101015290 369 751.7 277.5 2351
SSACC,R 101015291
ESACC,R 101015291 101015302 12 749.6 272.8 712.8 267.8 0.63 63
SFIX,R 101015303
EFIX,R 101015303 101016099 797 707.4 261.8 2652
SSACC,R 101016100
SBLINK,R 101016120
EBLINK,R 101016120 101016280 161
ESACC,R 101016100 101016326 227 705.8 260.2 705.5 366.9 1.82 559
SFIX,R 101016327
EFIX,R 101016327 101017775 1449 715.4 278.6 2599
SSACC,R 101017776
ESACC,R 101017776 101017790 15 716.7 282.4 774.0 280.2 0.97 81
SFIX,R 101017791
EFIX,R 101017791 101017965 175 778.2 279.4 2430
SSACC,R 101017966
ESACC,R 101017966 101018010 45 777.5 276.7 430.4 3.7 7.45 271
SFIX,R 101018011
EFIX,R 101018011 101018151 141 417.6 -6.4 2647
SSACC,R 101018152
ESACC,R 101018152 101018157 6 415.5 -11.1 411.2 -25.5 0.25 43
SFIX,R 101018158
EFIX,R 101018158 101019105 948 402.9 -24.6 1672
SSACC,R 101019106
ESACC,R 101019106 101019127 22 401.3 -22.6 498.6 29.8 1.85 131
SFIX,R 101019128
EFIX,R 101019128 101020245 1118 505.2 42.7 1959
SSACC,R 101020246
ESACC,R 101020246 101020289 44 506.1 48.9 705.7 203.8 4.27 129
SFIX,R 101020290
EFIX,R 101020290 101020624 335 743.9 252.9 1949
SSACC,R 101020625
ESACC,R 101020625 101020641 17 747.3 249.5 806.2 208.6 1.22 101
SFIX,R 101020642
EFIX,R 101020642 101021109 468 815.1 194.5 2220
SSACC,R 101021110
ESACC,R 101021110 101021136 27 816.2 191.9 908.1 300.0 2.43 123
SFIX,R 101021137
EFIX,R 101021137 101021396 260 944.7 345.6 2320
SSACC,R 101021397
ESACC,R 101021397 101021418 22 945.2 342.0 879.0 305.8 1.29 74
SFIX,R 101021419
EFIX,R 101021419 101022626 1208 853.9 285.4 2526
SSACC,R 101022627
ESACC,R 101022627 101022663 37 853.0 285.2 564.1 207.4 5.07 192
SFIX,R 101022664
EFIX,R 101022664 101022766 103 520.1 175.3 2846
SSACC,R 101022767
ESACC,R 101022767 101022795 29 514.4 173.1 465.5 0.3 3.04 155
SFIX,R 101022796
EFIX,R 101022796 101023405 610 413.0 -28.3 1994
SSACC,R 101023406
ESACC,R 101023406 101023436 31 400.9 -24.1 575.8 174.4 4.45 260
SFIX,R 101023437
EFIX,R 101023437 101023824 388 572.4 174.0 1846
SSACC,R 101023825
ESACC,R 101023825 101023844 20 571.5 169.0 531.4 246.9 1.49 125
SFIX,R 101023845
EFIX,R 101023845 101024333 489 526.9 242.9 2414
SSACC,R 101024334
ESACC,R 101024334 101024357 24 530.2 237.4 426.1 243.5 1.74 114
SFIX,R 101024358
EFIX,R 101024358 101024619 262 391.1 248.4 2677
SSACC,R 101024620
ESACC,R 101024620 101024644 25 393.3 247.3 540.5 266.9 2.48 164
SFIX,R 101024645
EFIX,R 101024645 101025622 978 552.9 266.2 2770
SSACC,R 101025623
ESACC,R 101025623 101025664 42 556.6 265.2 252.6 542.1 6.85 253
SFIX,R 101025665
EFIX,R 101025665 101025892 228 207.0 572.3 2902
SSACC,R 101025893
ESACC,R 101025893 101025918 26 201.6 573.7 210.6 467.6 1.77 87
SFIX,R 101025919
EFIX,R 101025919 101026178 260 220.5 414.4 2954
SSACC,R 101026179
ESACC,R 101026179 101026202 24 219.4 412.9 235.3 263.8 2.51 196
SFIX,R 101026203
EFIX,R 101026203 101026613 411 232.5 237.5 2966
SSACC,R 101026614
ESACC,R 101026614 101026661 48 231.2 233.4 704.0 263.3 7.87 285
SFIX,R 101026662
EFIX,R 101026662 101027300 639 713.3 269.9 2747
SSACC,R 101027301
ESACC,R 101027301 101027318 18 715.4 271.3 778.8 267.7 1.08 71
SFIX,R 101027319
EFIX,R 101027319 101027735 417 785.2 268.2 2681
SSACC,R 101027736
ESACC,R 101027736 101027762 27 785.5 267.9 592.7 273.3 3.26 204
SFIX,R 101027763
EFIX,R 101027763 101028019 257 575.5 277.8 2886
SSACC,R 101028020
ESACC,R 101028020 101028065 46 572.0 280.4 439.4 -15.1 5.48 205
SFIX,R 101028066
EFIX,R 101028066 101028200 135 435.7 -11.7 2708
SSACC,R 101028201
ESACC,R 101028201 101028207 7 433.3 -12.4 415.4 -22.1 0.34 47
SFIX,R 101028208
EFIX,R 101028208 101029105 898 402.1 -23.3 1686
SSACC,R 101029106
ESACC,R 101029106 101029136 31 399.3 -23.8 563.0 167.6 4.24 246
SFIX,R 101029137
EFIX,R 101029137 101029769 633 569.2 167.6 2006
SSACC,R 101029770
ESACC,R 101029770 101029797 28 570.6 162.3 713.1 349.2 3.99 228
SFIX,R 101029798
EFIX,R 101029798 101030127 330 733.1 379.5 2242
SSACC,R 101030128
ESACC,R 101030128 101030134 7 737.8 373.8 745.1 357.5 0.30 42
SFIX,R 101030135
EFIX,R 101030135 101030368 234 756.4 340.5 2434
SSACC,R 101030369
ESACC,R 101030369 101030389 21 758.2 338.3 843.7 361.9 1.51 85
SFIX,R 101030390
EFIX,R 101030390 101030719 330 855.0 382.1 2476
SSACC,R 101030720
ESACC,R 101030720 101030747 28 856.5 380.2 688.5 272.0 3.40 192
SFIX,R 101030748
EFIX,R 101030748 101031949 1202 655.2 252.8 2715
SSACC,R 101031950
ESACC,R 101031950 101031973 24 644.1 251.1 762.9 310.5 2.25 165
SFIX,R 101031974
EFIX,R 101031974 101032804 831 765.2 310.6 2595
SSACC,R 101032805
ESACC,R 101032805 101032810 6 765.3 306.4 757.5 296.8 0.21 38
SFIX,R 101032811
EFIX,R 101032811 101033438 628 754.9 294.4 2594
SSACC,R 101033439
ESACC,R 101033439 101033449 11 756.7 293.2 772.0 269.5 0.48 50
SFIX,R 101033450
EFIX,R 101033450 101033609 160 774.2 266.4 2496
SSACC,R 101033610
ESACC,R 101033610 101033630 21 774.1 267.0 673.0 287.7 1.75 133
SFIX,R 101033631
EFIX,R 101033631 101033914 284 653.6 288.8 2682
SSACC,R 101033915
ESACC,R 101033915 101033923 9 652.5 291.3 650.7 315.5 0.41 48
SFIX,R 101033924
EFIX,R 101033924 101034455 532 649.4 318.0 2813
SSACC,R 101034456
SBLINK,R 101034492
EBLINK,R 101034492 101034730 239
ESACC,R 101034456 101034768 313 651.2 316.4 513.6 356.9 2.41 523
SFIX,R 101034769
EFIX,R 101034769 101035286 518 520.9 241.1 2433
SSACC,R 101035287
ESACC,R 101035287 101035318 32 524.2 227.7 772.0 280.2 4.28 256
SFIX,R 101035319
EFIX,R 101035319 101036456 1138 760.9 281.3 2795
SSACC,R 101036457
ESACC,R 101036457 101036483 27 759.6 280.1 601.9 261.0 2.69 158
SFIX,R 101036484
EFIX,R 101036484 101036945 462 590.0 263.0 2980
SSACC,R 101036946
ESACC,R 101036946 101036958 13 588.5 264.7 553.0 246.3 0.67 64
SFIX,R 101036959
EFIX,R 101036959 101037875 917 547.1 239.8 3043
SSACC,R 101037876
ESACC,R 101037876 101037907 32 544.4 239.5 430.1 2.5 4.45 238
SFIX,R 101037908
EFIX,R 101037908 101038991 1084 404.7 -24.2 1841
SSACC,R 101038992
ESACC,R 101038992 101039019 28 407.0 -23.1 459.6 136.1 2.83 128
SFIX,R 101039020
EFIX,R 101039020 101039494 475 483.1 171.5 2056
SSACC,R 101039495
ESACC,R 101039495 101039519 25 485.8 170.3 485.6 30.7 2.37 141
SFIX,R 101039520
EFIX,R 101039520 101040261 742 486.2 -17.4 2048
SSACC,R 101040262
SBLINK,R 101040280
EBLINK,R 101040280 101040435 156
ESACC,R 101040262 101040475 214 483.8 -10.8 92.3 139.0 6.86 464
SFIX,R 101040476
EFIX,R 101040476 101041361 886 102.1 118.2 2213
SSACC,R 101041362
ESACC,R 101041362 101041381 20 100.9 114.2 54.9 101.9 0.76 43
SFIX,R 101041382
EFIX,R 101041382 101042616 1235 -35.6 43.4 2145
SSACC,R 101042617
ESACC,R 101042617 101042656 40 -35.1 42.1 408.0 -16.3 7.20 339
SFIX,R 101042657
EFIX,R 101042657 101043410 754 405.1 -23.4 1883
SSACC,R 101043411
ESACC,R 101043411 101043455 45 404.7 -28.3 671.9 202.6 5.95 199
SFIX,R 101043456
EFIX,R 101043456 101044072 617 715.1 259.2 2145
SSACC,R 101044073
ESACC,R 101044073 101044095 23 715.3 256.6 577.5 286.6 2.38 174
SFIX,R 101044096
EFIX,R 101044096 101044644 549 564.2 272.8 2791
SSACC,R 101044645
ESACC,R 101044645 101044687 43 566.5 263.3 230.1 474.5 6.60 239
SFIX,R 101044688
EFIX,R 101044688 101044935 248 173.1 538.0 2819
SSACC,R 101044936
ESACC,R 101044936 101044959 24 167.3 544.2 168.9 442.5 1.69 115
SFIX,R 101044960
EFIX,R 101044960 101045234 275 164.5 419.1 2830
SSACC,R 101045235
ESACC,R 101045235 101045292 58 163.6 418.6 373.4 345.1 3.64 98
SFIX,R 101045293
EFIX,R 101045293 101045872 580 371.4 348.9 2938
SSACC,R 101045873
SBLINK,R 101045892
EBLINK,R 101045892 101046065 174
ESACC,R 101045873 101046105 233 373.6 347.6 576.9 350.8 3.39 365
SFIX,R 101046106
EFIX,R 101046106 101046459 354 584.3 266.7 2846
SSACC,R 101046460
ESACC,R 101046460 101046490 31 583.5 266.8 805.1 290.8 3.77 225
SFIX,R 101046491
EFIX,R 101046491 101047646 1156 796.2 299.7 2737
SSACC,R 101047647
ESACC,R 101047647 101047666 20 795.7 306.3 696.9 270.8 1.78 139
SFIX,R 101047667
EFIX,R 101047667 101048157 491 683.7 266.0 2750
SSACC,R 101048158
ESACC,R 101048158 101048210 53 682.5 264.8 401.0 -30.1 6.87 218
SFIX,R 101048211
EFIX,R 101048211 101048320 110 392.9 -32.2 2786
SSACC,R 101048321
ESACC,R 101048321 101048326 6 394.9 -31.6 408.3 -30.6 0.22 39
SFIX,R 101048327
EFIX,R 101048327 101049271 945 403.2 -24.6 1674
SSACC,R 101049272
ESACC,R 101049272 101049300 29 402.4 -21.1 502.5 179.2 3.78 220
SFIX,R 101049301
EFIX,R 101049301 101050095 795 516.8 193.7 2141
SSACC,R 101050096
SBLINK,R 101050127
EBLINK,R 101050127 101050315 189
ESACC,R 101050096 101050345 250 522.1 190.9 462.8 -17.3 3.67 424
SFIX,R 101050346
EFIX,R 101050346 101051231 886 454.7 -11.4 2018
SSACC,R 101051232
ESACC,R 101051232 101051280 49 450.8 -14.2 747.8 155.2 5.76 169
SFIX,R 101051281
EFIX,R 101051281 101051629 349 771.0 193.5 2002
SSACC,R 101051630
ESACC,R 101051630 101051690 61 770.6 192.0 942.7 -86.2 5.58 125
SFIX,R 101051691
EFIX,R 101051691 101051999 309 942.5 -85.1 2038
SSACC,R 101052000
ESACC,R 101052000 101052040 41 943.3 -86.8 744.6 218.5 6.21 249
SFIX,R 101052041
EFIX,R 101052041 101052478 438 725.1 242.0 2566
SSACC,R 101052479
ESACC,R 101052479 101052502 24 724.3 244.9 571.7 280.8 2.65 173
SFIX,R 101052503
EFIX,R 101052503 101052879 377 559.7 279.3 2767
SSACC,R 101052880
ESACC,R 101052880 101052923 44 564.0 272.2 210.6 538.8 7.35 278
SFIX,R 101052924
EFIX,R 101052924 101053153 230 194.1 542.9 2899
SSACC,R 101053154
ESACC,R 101053154 101053178 25 191.0 543.7 232.9 381.1 2.79 177
SFIX,R 101053179
EFIX,R 101053179 101053689 511 256.0 327.2 2936
SSACC,R 101053690
ESACC,R 101053690 101053715 26 255.8 324.5 273.2 483.5 2.68 159
SFIX,R 101053716
EFIX,R 101053716 101053972 257 276.0 505.4 2826
SSACC,R 101053973
ESACC,R 101053973 101053996 24 277.9 509.6 376.8 471.8 1.74 104
SFIX,R 101053997
EFIX,R 101053997 101054326 330 404.2 467.5 2766
SSACC,R 101054327
ESACC,R 101054327 101054350 24 405.3 460.7 438.4 376.8 1.52 81
SFIX,R 101054351
EFIX,R 101054351 101054600 250 470.7 343.8 2731
SSACC,R 101054601
ESACC,R 101054601 101054620 20 469.6 344.0 405.2 384.8 1.27 85
SFIX,R 101054621
EFIX,R 101054621 101054901 281 356.4 413.9 2824
SSACC,R 101054902
ESACC,R 101054902 101054923 22 353.4 414.6 362.1 348.4 1.12 60
SFIX,R 101054924
EFIX,R 101054924 101055428 505 457.1 344.2 2635
SSACC,R 101055429
ESACC,R 101055429 101055440 12 447.6 357.7 478.3 324.6 0.76 76
SFIX,R 101055441
EFIX,R 101055441 101055856 416 485.6 323.3 2643
SSACC,R 101055857
ESACC,R 101055857 101055868 12 483.1 314.1 458.4 296.2 0.51 50
SFIX,R 101055869
EFIX,R 101055869 101055927 59 442.2 292.9 2706
SSACC,R 101055928
ESACC,R 101055928 101055941 14 431.8 293.6 404.9 297.8 0.45 36
SFIX,R 101055942
EFIX,R 101055942 101056523 582 330.7 297.5 2569
SSACC,R 101056524
SBLINK,R 101056545
EBLINK,R 101056545 101056713 169
ESACC,R 101056524 101056755 232 338.0 299.3 286.8 -116.7 7.03 501
SFIX,R 101056756
EFIX,R 101056756 101058226 1471 269.9 -128.3 1756
SSACC,R 101058227
ESACC,R 101058227 101058254 28 266.1 -122.0 165.8 -47.6 2.04 95
SFIX,R 101058255
EFIX,R 101058255 101059741 1487 -33.4 62.2 2062
SSACC,R 101059742
ESACC,R 101059742 101059769 28 -35.8 63.9 -174.2 -49.0 2.82 175
SFIX,R 101059770
EFIX,R 101059770 101060349 580 -181.3 -52.2 2074
SSACC,R 101060350
ESACC,R 101060350 101060370 21 -178.0 -52.8 -179.9 42.8 1.55 131
SFIX,R 101060371
EFIX,R 101060371 101061129 759 -179.2 43.7 2404
SSACC,R 101061130
ESACC,R 101061130 101061157 28 -181.9 46.4 -173.7 241.1 3.16 146
SFIX,R 101061158
EFIX,R 101061158 101061415 258 -173.6 322.6 2465
SSACC,R 101061416
ESACC,R 101061416 101061440 25 -174.3 326.8 -150.9 149.6 2.90 199
SFIX,R 101061441
EFIX,R 101061441 101061610 170 -151.6 105.5 2483
SSACC,R 101061611
ESACC,R 101061611 101061626 16 -152.2 101.6 -180.7 45.0 1.02 92
SFIX,R 101061627
EFIX,R 101061627 101061899 273 -179.7 42.1 2474
SSACC,R 101061900
SBLINK,R 101061940
EBLINK,R 101061940 101062117 178
ESACC,R 101061900 101062149 250 -180.1 42.7 393.4 287.2 9.98 703
SFIX,R 101062150
EFIX,R 101062150 101062643 494 385.4 256.7 2198
SSACC,R 101062644
ESACC,R 101062644 101062662 19 388.1 247.2 303.3 275.1 1.48 123
SFIX,R 101062663
EFIX,R 101062663 101063098 436 290.1 280.3 2648
SSACC,R 101063099
ESACC,R 101063099 101063148 50 289.2 277.5 290.9 -43.9 5.39 150
SFIX,R 101063149
EFIX,R 101063149 101063600 452 253.9 -115.5 1933
SSACC,R 101063601
ESACC,R 101063601 101063629 29 247.4 -119.0 437.0 -27.3 3.47 193
SFIX,R 101063630
EFIX,R 101063630 101065150 1521 487.4 16.2 1685
SSACC,R 101065151
SBLINK,R 101065170
EBLINK,R 101065170 101066484 1315
ESACC,R 101065151 101066484 1334 581.6 28.1 585.2 64.3 0.62 130
INPUT,101066485 127
END,101066485 SAMPLES EVENTS RES 261.28 260.41
