tracker_time_ms,message
100743179,DISPLAY_COORDS 0 0 1919 1079
100743188,RECCFG CR 1000 2 1 2 1 R
100743188,ELCLCFG MTABLER
100743188,GAZE_COORDS 0.00 0.00 1919.00 1079.00
100743188,THRESHOLDS R 40 174
100743188,ELCL_WINDOW_SIZES 176 188 0 0
100743188,CAMERA_LENS_FOCAL_LENGTH 38.00 
100743188,PUPIL_DATA_TYPE RAW_AUTOSLIP
100743188,ELCL_PROC ELLIPSE  (5)
100743188,ELCL_EFIT_PARAMS 1.01 4.00  0.15 0.05  0.65 0.65  0.00 0.00 0.30
100743189,!MODE RECORD CR 1000 2 1 2 1 R
100743319,FINEVISION_SESSION_START
100743319,FINEVISION_SESSION_ID SaccadeMultiStim_20260806_142759 HOST_FILE FF6595D9.EDF
100818512,TRIALID 1
100818512,!V TRIAL_VAR Subject_ID Monkey_H18
100818512,!V TRIAL_VAR Planned_Fixation_Duration_ms 410.3796781786311
100818512,!V TRIAL_VAR Fixation_Pos_X_deg 0.0
100818512,!V TRIAL_VAR Fixation_Pos_Y_deg 0.0
100818512,!V TRIAL_VAR Fixation_Point_Radius_deg 0.2
100818513,!V TRIAL_VAR Fix_Window_Radius_deg 2.0
100818513,!V TRIAL_VAR Stim_Pos_X_deg 18.0
100818513,!V TRIAL_VAR Stim_Pos_Y_deg 0.0
100818513,!V TRIAL_VAR Stim_Window_Radius_deg 2.5
100818513,!V TRIAL_VAR Stim_Major_Axis_deg 0.3
100818513,!V TRIAL_VAR Stim_Minor_Axis_deg 0.3
100818513,!V TRIAL_VAR Stim_Orientation_deg 0.0
100818513,!V TRIAL_VAR Gap_Duration_ms 100.0
100818513,!V TRIAL_VAR Stim_Duration_ms 200.0
100818513,!V TRIAL_VAR Stim_Hold_Time_ms 100.0
100818513,!V TRIAL_VAR Condition_ID C000001
100818514,!V TRIAL_VAR Is_Control False
100818514,!V TRIAL_VAR Stim_Color_Name Gray
100818514,!V TRIAL_VAR Stim_Intensity_Level 120
100818514,!V TRIAL_VAR Stim_Pos_X_deg 18.0
100818514,!V TRIAL_VAR Stim_Pos_Y_deg 0.0
100818521,FIX_ON TRIAL 1
100818805,GAZE_ACQUIRED TRIAL 1
100819067,FIX_OFF TRIAL 1
100819175,STIM_ON TRIAL 1
100819306,TARGET_ENTER TRIAL 1
100819382,STIM_OFF TRIAL 1
100819417,STIM_WINDOW_END TRIAL 1
100819420,REWARD TRIAL 1
100819682,!V TRIAL_VAR Status Success
100819682,!V TRIAL_VAR Subject_ID Monkey_H18
100819682,TRIAL_RESULT Success
100822745,TRIALID 2
100822746,!V TRIAL_VAR Subject_ID Monkey_H18
100822746,!V TRIAL_VAR Planned_Fixation_Duration_ms 398.032537178988
100822746,!V TRIAL_VAR Fixation_Pos_X_deg 0.0
100822746,!V TRIAL_VAR Fixation_Pos_Y_deg 0.0
100822746,!V TRIAL_VAR Fixation_Point_Radius_deg 0.2
100822746,!V TRIAL_VAR Fix_Window_Radius_deg 2.0
100822746,!V TRIAL_VAR Stim_Pos_X_deg 18.0
100822746,!V TRIAL_VAR Stim_Pos_Y_deg -9.0
100822746,!V TRIAL_VAR Stim_Window_Radius_deg 2.5
100822746,!V TRIAL_VAR Stim_Major_Axis_deg 0.3
100822746,!V TRIAL_VAR Stim_Minor_Axis_deg 0.3
100822746,!V TRIAL_VAR Stim_Orientation_deg 0.0
100822746,!V TRIAL_VAR Gap_Duration_ms 100.0
100822746,!V TRIAL_VAR Stim_Duration_ms 200.0
100822746,!V TRIAL_VAR Stim_Hold_Time_ms 100.0
100822746,!V TRIAL_VAR Condition_ID C000002
100822747,!V TRIAL_VAR Is_Control False
100822747,!V TRIAL_VAR Stim_Color_Name Gray
100822747,!V TRIAL_VAR Stim_Intensity_Level 150
100822747,!V TRIAL_VAR Stim_Pos_X_deg 18.0
100822747,!V TRIAL_VAR Stim_Pos_Y_deg -9.0
100822753,FIX_ON TRIAL 2
100823174,GAZE_ACQUIRED TRIAL 2
100823421,FIX_OFF TRIAL 2
100823528,STIM_ON TRIAL 2
100823645,TARGET_ENTER TRIAL 2
100823735,STIM_OFF TRIAL 2
100824235,STIM_WINDOW_END TRIAL 2
100824739,!V TRIAL_VAR Status Break_2
100824739,!V TRIAL_VAR Subject_ID Monkey_H18
100824739,TRIAL_RESULT Break_2
100827829,TRIALID 3
100827830,!V TRIAL_VAR Subject_ID Monkey_H18
100827830,!V TRIAL_VAR Planned_Fixation_Duration_ms 596.0106427281983
100827830,!V TRIAL_VAR Fixation_Pos_X_deg 0.0
100827830,!V TRIAL_VAR Fixation_Pos_Y_deg 0.0
100827830,!V TRIAL_VAR Fixation_Point_Radius_deg 0.2
100827830,!V TRIAL_VAR Fix_Window_Radius_deg 2.0
100827830,!V TRIAL_VAR Stim_Pos_X_deg 18.0
100827830,!V TRIAL_VAR Stim_Pos_Y_deg -9.0
100827830,!V TRIAL_VAR Stim_Window_Radius_deg 2.5
100827830,!V TRIAL_VAR Stim_Major_Axis_deg 0.3
100827830,!V TRIAL_VAR Stim_Minor_Axis_deg 0.3
100827830,!V TRIAL_VAR Stim_Orientation_deg 0.0
100827830,!V TRIAL_VAR Gap_Duration_ms 100.0
100827830,!V TRIAL_VAR Stim_Duration_ms 200.0
100827830,!V TRIAL_VAR Stim_Hold_Time_ms 100.0
100827830,!V TRIAL_VAR Condition_ID C000002
100827831,!V TRIAL_VAR Is_Control False
100827831,!V TRIAL_VAR Stim_Color_Name Gray
100827831,!V TRIAL_VAR Stim_Intensity_Level 150
100827831,!V TRIAL_VAR Stim_Pos_X_deg 18.0
100827831,!V TRIAL_VAR Stim_Pos_Y_deg -9.0
100827837,FIX_ON TRIAL 3
100828242,GAZE_ACQUIRED TRIAL 3
100828699,FIX_OFF TRIAL 3
100828807,STIM_ON TRIAL 3
100828924,TARGET_ENTER TRIAL 3
100829014,STIM_OFF TRIAL 3
100829514,STIM_WINDOW_END TRIAL 3
100830016,!V TRIAL_VAR Status Break_2
100830016,!V TRIAL_VAR Subject_ID Monkey_H18
100830016,TRIAL_RESULT Break_2
100833080,TRIALID 4
100833081,!V TRIAL_VAR Subject_ID Monkey_H18
100833081,!V TRIAL_VAR Planned_Fixation_Duration_ms 725.2849386780417
100833081,!V TRIAL_VAR Fixation_Pos_X_deg 0.0
100833081,!V TRIAL_VAR Fixation_Pos_Y_deg 0.0
100833081,!V TRIAL_VAR Fixation_Point_Radius_deg 0.2
100833081,!V TRIAL_VAR Fix_Window_Radius_deg 2.0
100833081,!V TRIAL_VAR Stim_Pos_X_deg 18.0
100833081,!V TRIAL_VAR Stim_Pos_Y_deg -9.0
100833081,!V TRIAL_VAR Stim_Window_Radius_deg 2.5
100833081,!V TRIAL_VAR Stim_Major_Axis_deg 0.3
100833081,!V TRIAL_VAR Stim_Minor_Axis_deg 0.3
100833081,!V TRIAL_VAR Stim_Orientation_deg 0.0
100833081,!V TRIAL_VAR Gap_Duration_ms 100.0
100833081,!V TRIAL_VAR Stim_Duration_ms 200.0
100833081,!V TRIAL_VAR Stim_Hold_Time_ms 100.0
100833081,!V TRIAL_VAR Condition_ID C000002
100833082,!V TRIAL_VAR Is_Control False
100833082,!V TRIAL_VAR Stim_Color_Name Gray
100833082,!V TRIAL_VAR Stim_Intensity_Level 150
100833082,!V TRIAL_VAR Stim_Pos_X_deg 18.0
100833082,!V TRIAL_VAR Stim_Pos_Y_deg -9.0
100833088,FIX_ON TRIAL 4
100834725,GAZE_ACQUIRED TRIAL 4
100834956,FIX_OFF TRIAL 4
100835461,!V TRIAL_VAR Status Break_1
100835461,!V TRIAL_VAR Subject_ID Monkey_H18
100835461,TRIAL_RESULT Break_1
100846153,TRIALID 5
100846153,!V TRIAL_VAR Subject_ID Monkey_H18
100846153,!V TRIAL_VAR Planned_Fixation_Duration_ms 507.7632154540748
100846153,!V TRIAL_VAR Fixation_Pos_X_deg 0.0
100846153,!V TRIAL_VAR Fixation_Pos_Y_deg 0.0
100846153,!V TRIAL_VAR Fixation_Point_Radius_deg 0.2
100846153,!V TRIAL_VAR Fix_Window_Radius_deg 2.5
100846153,!V TRIAL_VAR Stim_Pos_X_deg 18.0
100846153,!V TRIAL_VAR Stim_Pos_Y_deg -9.0
100846153,!V TRIAL_VAR Stim_Window_Radius_deg 3.0
100846153,!V TRIAL_VAR Stim_Major_Axis_deg 0.3
100846153,!V TRIAL_VAR Stim_Minor_Axis_deg 0.3
100846153,!V TRIAL_VAR Stim_Orientation_deg 0.0
100846153,!V TRIAL_VAR Gap_Duration_ms 100.0
100846153,!V TRIAL_VAR Stim_Duration_ms 200.0
100846153,!V TRIAL_VAR Stim_Hold_Time_ms 100.0
100846154,!V TRIAL_VAR Condition_ID C000002
100846154,!V TRIAL_VAR Is_Control False
100846154,!V TRIAL_VAR Stim_Color_Name Gray
100846154,!V TRIAL_VAR Stim_Intensity_Level 150
100846154,!V TRIAL_VAR Stim_Pos_X_deg 18.0
100846154,!V TRIAL_VAR Stim_Pos_Y_deg -9.0
100846160,FIX_ON TRIAL 5
100846514,GAZE_ACQUIRED TRIAL 5
100846881,FIX_OFF TRIAL 5
100846992,STIM_ON TRIAL 5
100847136,TARGET_ENTER TRIAL 5
100847198,STIM_OFF TRIAL 5
100847378,STIM_WINDOW_END TRIAL 5
100847383,REWARD TRIAL 5
100847645,!V TRIAL_VAR Status Success
100847645,!V TRIAL_VAR Subject_ID Monkey_H18
100847645,TRIAL_RESULT Success
100850709,TRIALID 6
100850709,!V TRIAL_VAR Subject_ID Monkey_H18
100850709,!V TRIAL_VAR Planned_Fixation_Duration_ms 542.2331664254282
100850709,!V TRIAL_VAR Fixation_Pos_X_deg 0.0
100850709,!V TRIAL_VAR Fixation_Pos_Y_deg 0.0
100850709,!V TRIAL_VAR Fixation_Point_Radius_deg 0.2
100850709,!V TRIAL_VAR Fix_Window_Radius_deg 2.5
100850709,!V TRIAL_VAR Stim_Pos_X_deg 3.0
100850709,!V TRIAL_VAR Stim_Pos_Y_deg -6.0
100850709,!V TRIAL_VAR Stim_Window_Radius_deg 3.0
100850709,!V TRIAL_VAR Stim_Major_Axis_deg 0.3
100850709,!V TRIAL_VAR Stim_Minor_Axis_deg 0.3
100850709,!V TRIAL_VAR Stim_Orientation_deg 0.0
100850709,!V TRIAL_VAR Gap_Duration_ms 100.0
100850709,!V TRIAL_VAR Stim_Duration_ms 200.0
100850709,!V TRIAL_VAR Stim_Hold_Time_ms 100.0
100850710,!V TRIAL_VAR Condition_ID C000003
100850711,!V TRIAL_VAR Is_Control False
100850711,!V TRIAL_VAR Stim_Color_Name Gray
100850711,!V TRIAL_VAR Stim_Intensity_Level 180
100850711,!V TRIAL_VAR Stim_Pos_X_deg 3.0
100850711,!V TRIAL_VAR Stim_Pos_Y_deg -6.0
100850716,FIX_ON TRIAL 6
100851664,GAZE_ACQUIRED TRIAL 6
100852004,FIX_OFF TRIAL 6
100852508,!V TRIAL_VAR Status Break_1
100852508,!V TRIAL_VAR Subject_ID Monkey_H18
100852508,TRIAL_RESULT Break_1
100855575,TRIALID 7
100855575,!V TRIAL_VAR Subject_ID Monkey_H18
100855575,!V TRIAL_VAR Planned_Fixation_Duration_ms 634.1187134558209
100855575,!V TRIAL_VAR Fixation_Pos_X_deg 0.0
100855575,!V TRIAL_VAR Fixation_Pos_Y_deg 0.0
100855575,!V TRIAL_VAR Fixation_Point_Radius_deg 0.2
100855575,!V TRIAL_VAR Fix_Window_Radius_deg 2.5
100855575,!V TRIAL_VAR Stim_Pos_X_deg 3.0
100855575,!V TRIAL_VAR Stim_Pos_Y_deg -6.0
100855575,!V TRIAL_VAR Stim_Window_Radius_deg 3.0
100855575,!V TRIAL_VAR Stim_Major_Axis_deg 0.3
100855575,!V TRIAL_VAR Stim_Minor_Axis_deg 0.3
100855575,!V TRIAL_VAR Stim_Orientation_deg 0.0
100855575,!V TRIAL_VAR Gap_Duration_ms 100.0
100855575,!V TRIAL_VAR Stim_Duration_ms 200.0
100855575,!V TRIAL_VAR Stim_Hold_Time_ms 100.0
100855576,!V TRIAL_VAR Condition_ID C000003
100855576,!V TRIAL_VAR Is_Control False
100855576,!V TRIAL_VAR Stim_Color_Name Gray
100855576,!V TRIAL_VAR Stim_Intensity_Level 180
100855576,!V TRIAL_VAR Stim_Pos_X_deg 3.0
100855576,!V TRIAL_VAR Stim_Pos_Y_deg -6.0
100855582,FIX_ON TRIAL 7
100857595,FIX_OFF TRIAL 7
100857600,!V TRIAL_VAR Status nofix_1
100857600,!V TRIAL_VAR Subject_ID Monkey_H18
100857600,TRIAL_RESULT nofix_1
100860667,TRIALID 8
100860667,!V TRIAL_VAR Subject_ID Monkey_H18
100860667,!V TRIAL_VAR Planned_Fixation_Duration_ms 305.7285215417499
100860667,!V TRIAL_VAR Fixation_Pos_X_deg 0.0
100860667,!V TRIAL_VAR Fixation_Pos_Y_deg 0.0
100860667,!V TRIAL_VAR Fixation_Point_Radius_deg 0.2
100860667,!V TRIAL_VAR Fix_Window_Radius_deg 2.5
100860667,!V TRIAL_VAR Stim_Pos_X_deg 3.0
100860667,!V TRIAL_VAR Stim_Pos_Y_deg -6.0
100860667,!V TRIAL_VAR Stim_Window_Radius_deg 3.0
100860667,!V TRIAL_VAR Stim_Major_Axis_deg 0.3
100860667,!V TRIAL_VAR Stim_Minor_Axis_deg 0.3
100860667,!V TRIAL_VAR Stim_Orientation_deg 0.0
100860667,!V TRIAL_VAR Gap_Duration_ms 100.0
100860667,!V TRIAL_VAR Stim_Duration_ms 200.0
100860667,!V TRIAL_VAR Stim_Hold_Time_ms 100.0
100860668,!V TRIAL_VAR Condition_ID C000003
100860668,!V TRIAL_VAR Is_Control False
100860668,!V TRIAL_VAR Stim_Color_Name Gray
100860668,!V TRIAL_VAR Stim_Intensity_Level 180
100860668,!V TRIAL_VAR Stim_Pos_X_deg 3.0
100860668,!V TRIAL_VAR Stim_Pos_Y_deg -6.0
100860673,FIX_ON TRIAL 8
100861918,GAZE_ACQUIRED TRIAL 8
100862075,FIX_OFF TRIAL 8
100862181,STIM_ON TRIAL 8
100862357,TARGET_ENTER TRIAL 8
100862389,STIM_OFF TRIAL 8
100862460,STIM_WINDOW_END TRIAL 8
100862464,REWARD TRIAL 8
100862727,!V TRIAL_VAR Status Success
100862727,!V TRIAL_VAR Subject_ID Monkey_H18
100862727,TRIAL_RESULT Success
100865792,TRIALID 9
100865792,!V TRIAL_VAR Subject_ID Monkey_H18
100865792,!V TRIAL_VAR Planned_Fixation_Duration_ms 364.4494427731837
100865792,!V TRIAL_VAR Fixation_Pos_X_deg 0.0
100865792,!V TRIAL_VAR Fixation_Pos_Y_deg 0.0
100865792,!V TRIAL_VAR Fixation_Point_Radius_deg 0.2
100865792,!V TRIAL_VAR Fix_Window_Radius_deg 2.5
100865792,!V TRIAL_VAR Stim_Pos_X_deg 9.0
100865792,!V TRIAL_VAR Stim_Pos_Y_deg 0.0
100865792,!V TRIAL_VAR Stim_Window_Radius_deg 3.0
100865792,!V TRIAL_VAR Stim_Major_Axis_deg 0.3
100865792,!V TRIAL_VAR Stim_Minor_Axis_deg 0.3
100865792,!V TRIAL_VAR Stim_Orientation_deg 0.0
100865792,!V TRIAL_VAR Gap_Duration_ms 100.0
100865792,!V TRIAL_VAR Stim_Duration_ms 200.0
100865792,!V TRIAL_VAR Stim_Hold_Time_ms 100.0
100865793,!V TRIAL_VAR Condition_ID C000004
100865794,!V TRIAL_VAR Is_Control False
100865794,!V TRIAL_VAR Stim_Color_Name Gray
100865794,!V TRIAL_VAR Stim_Intensity_Level 150
100865794,!V TRIAL_VAR Stim_Pos_X_deg 9.0
100865794,!V TRIAL_VAR Stim_Pos_Y_deg 0.0
100865799,FIX_ON TRIAL 9
100866386,GAZE_ACQUIRED TRIAL 9
100866609,FIX_OFF TRIAL 9
100866720,STIM_ON TRIAL 9
100866878,TARGET_ENTER TRIAL 9
100866928,STIM_OFF TRIAL 9
100866988,STIM_WINDOW_END TRIAL 9
100866993,REWARD TRIAL 9
100867257,!V TRIAL_VAR Status Success
100867257,!V TRIAL_VAR Subject_ID Monkey_H18
100867257,TRIAL_RESULT Success
100870327,TRIALID 10
100870327,!V TRIAL_VAR Subject_ID Monkey_H18
100870327,!V TRIAL_VAR Planned_Fixation_Duration_ms 757.2595041382256
100870327,!V TRIAL_VAR Fixation_Pos_X_deg 0.0
100870327,!V TRIAL_VAR Fixation_Pos_Y_deg 0.0
100870327,!V TRIAL_VAR Fixation_Point_Radius_deg 0.2
100870327,!V TRIAL_VAR Fix_Window_Radius_deg 2.5
100870327,!V TRIAL_VAR Stim_Pos_X_deg 0.0
100870327,!V TRIAL_VAR Stim_Pos_Y_deg -15.0
100870327,!V TRIAL_VAR Stim_Window_Radius_deg 3.0
100870327,!V TRIAL_VAR Stim_Major_Axis_deg 0.3
100870327,!V TRIAL_VAR Stim_Minor_Axis_deg 0.3
100870327,!V TRIAL_VAR Stim_Orientation_deg 0.0
100870327,!V TRIAL_VAR Gap_Duration_ms 100.0
100870327,!V TRIAL_VAR Stim_Duration_ms 200.0
100870327,!V TRIAL_VAR Stim_Hold_Time_ms 100.0
100870328,!V TRIAL_VAR Condition_ID C000005
100870328,!V TRIAL_VAR Is_Control False
100870328,!V TRIAL_VAR Stim_Color_Name Gray
100870328,!V TRIAL_VAR Stim_Intensity_Level 60
100870328,!V TRIAL_VAR Stim_Pos_X_deg 0.0
100870328,!V TRIAL_VAR Stim_Pos_Y_deg -15.0
100870335,FIX_ON TRIAL 10
100870746,GAZE_ACQUIRED TRIAL 10
100871360,FIX_OFF TRIAL 10
100871466,STIM_ON TRIAL 10
100871681,STIM_OFF TRIAL 10
100872181,STIM_WINDOW_END TRIAL 10
100872186,!V TRIAL_VAR Status nofix_2
100872186,!V TRIAL_VAR Subject_ID Monkey_H18
100872186,TRIAL_RESULT nofix_2
100875256,TRIALID 11
100875256,!V TRIAL_VAR Subject_ID Monkey_H18
100875256,!V TRIAL_VAR Planned_Fixation_Duration_ms 713.541599360022
100875256,!V TRIAL_VAR Fixation_Pos_X_deg 0.0
100875256,!V TRIAL_VAR Fixation_Pos_Y_deg 0.0
100875256,!V TRIAL_VAR Fixation_Point_Radius_deg 0.2
100875256,!V TRIAL_VAR Fix_Window_Radius_deg 2.5
100875256,!V TRIAL_VAR Stim_Pos_X_deg 0.0
100875256,!V TRIAL_VAR Stim_Pos_Y_deg -15.0
100875256,!V TRIAL_VAR Stim_Window_Radius_deg 3.0
100875256,!V TRIAL_VAR Stim_Major_Axis_deg 0.3
100875256,!V TRIAL_VAR Stim_Minor_Axis_deg 0.3
100875256,!V TRIAL_VAR Stim_Orientation_deg 0.0
100875256,!V TRIAL_VAR Gap_Duration_ms 100.0
100875256,!V TRIAL_VAR Stim_Duration_ms 200.0
100875256,!V TRIAL_VAR Stim_Hold_Time_ms 100.0
100875257,!V TRIAL_VAR Condition_ID C000005
100875257,!V TRIAL_VAR Is_Control False
100875257,!V TRIAL_VAR Stim_Color_Name Gray
100875257,!V TRIAL_VAR Stim_Intensity_Level 60
100875257,!V TRIAL_VAR Stim_Pos_X_deg 0.0
100875257,!V TRIAL_VAR Stim_Pos_Y_deg -15.0
100875263,FIX_ON TRIAL 11
100875710,GAZE_ACQUIRED TRIAL 11
100876209,FIX_OFF TRIAL 11
100876715,!V TRIAL_VAR Status Break_1
100876715,!V TRIAL_VAR Subject_ID Monkey_H18
100876715,TRIAL_RESULT Break_1
100879787,TRIALID 12
100879787,!V TRIAL_VAR Subject_ID Monkey_H18
100879787,!V TRIAL_VAR Planned_Fixation_Duration_ms 519.7746067990759
100879787,!V TRIAL_VAR Fixation_Pos_X_deg 0.0
100879787,!V TRIAL_VAR Fixation_Pos_Y_deg 0.0
100879787,!V TRIAL_VAR Fixation_Point_Radius_deg 0.2
100879787,!V TRIAL_VAR Fix_Window_Radius_deg 2.5
100879787,!V TRIAL_VAR Stim_Pos_X_deg 0.0
100879787,!V TRIAL_VAR Stim_Pos_Y_deg -15.0
100879787,!V TRIAL_VAR Stim_Window_Radius_deg 3.0
100879787,!V TRIAL_VAR Stim_Major_Axis_deg 0.3
100879787,!V TRIAL_VAR Stim_Minor_Axis_deg 0.3
100879787,!V TRIAL_VAR Stim_Orientation_deg 0.0
100879787,!V TRIAL_VAR Gap_Duration_ms 100.0
100879787,!V TRIAL_VAR Stim_Duration_ms 200.0
100879787,!V TRIAL_VAR Stim_Hold_Time_ms 100.0
100879788,!V TRIAL_VAR Condition_ID C000005
100879788,!V TRIAL_VAR Is_Control False
100879788,!V TRIAL_VAR Stim_Color_Name Gray
100879788,!V TRIAL_VAR Stim_Intensity_Level 60
100879788,!V TRIAL_VAR Stim_Pos_X_deg 0.0
100879788,!V TRIAL_VAR Stim_Pos_Y_deg -15.0
100879794,FIX_ON TRIAL 12
100880272,GAZE_ACQUIRED TRIAL 12
100880649,FIX_OFF TRIAL 12
100880759,STIM_ON TRIAL 12
100880971,STIM_OFF TRIAL 12
100881467,STIM_WINDOW_END TRIAL 12
100881472,!V TRIAL_VAR Status nofix_2
100881472,!V TRIAL_VAR Subject_ID Monkey_H18
100881472,TRIAL_RESULT nofix_2
100884541,TRIALID 13
100884541,!V TRIAL_VAR Subject_ID Monkey_H18
100884541,!V TRIAL_VAR Planned_Fixation_Duration_ms 445.11048937880605
100884541,!V TRIAL_VAR Fixation_Pos_X_deg 0.0
100884541,!V TRIAL_VAR Fixation_Pos_Y_deg 0.0
100884541,!V TRIAL_VAR Fixation_Point_Radius_deg 0.2
100884541,!V TRIAL_VAR Fix_Window_Radius_deg 2.5
100884541,!V TRIAL_VAR Stim_Pos_X_deg 0.0
100884541,!V TRIAL_VAR Stim_Pos_Y_deg -15.0
100884541,!V TRIAL_VAR Stim_Window_Radius_deg 3.0
100884541,!V TRIAL_VAR Stim_Major_Axis_deg 0.3
100884541,!V TRIAL_VAR Stim_Minor_Axis_deg 0.3
100884541,!V TRIAL_VAR Stim_Orientation_deg 0.0
100884541,!V TRIAL_VAR Gap_Duration_ms 100.0
100884541,!V TRIAL_VAR Stim_Duration_ms 200.0
100884541,!V TRIAL_VAR Stim_Hold_Time_ms 100.0
100884541,!V TRIAL_VAR Condition_ID C000005
100884548,ERROR MESSAGES LOST 5
100884548,FIX_ON TRIAL 13
100886570,FIX_OFF TRIAL 13
100886576,!V TRIAL_VAR Status nofix_1
100886576,!V TRIAL_VAR Subject_ID Monkey_H18
100886576,TRIAL_RESULT nofix_1
100889645,TRIALID 14
100889645,!V TRIAL_VAR Subject_ID Monkey_H18
100889645,!V TRIAL_VAR Planned_Fixation_Duration_ms 457.553075357546
100889645,!V TRIAL_VAR Fixation_Pos_X_deg 0.0
100889645,!V TRIAL_VAR Fixation_Pos_Y_deg 0.0
100889645,!V TRIAL_VAR Fixation_Point_Radius_deg 0.2
100889645,!V TRIAL_VAR Fix_Window_Radius_deg 2.5
100889645,!V TRIAL_VAR Stim_Pos_X_deg 0.0
100889645,!V TRIAL_VAR Stim_Pos_Y_deg -15.0
100889645,!V TRIAL_VAR Stim_Window_Radius_deg 3.0
100889646,!V TRIAL_VAR Stim_Major_Axis_deg 0.3
100889646,!V TRIAL_VAR Stim_Minor_Axis_deg 0.3
100889646,!V TRIAL_VAR Stim_Orientation_deg 0.0
100889646,!V TRIAL_VAR Gap_Duration_ms 100.0
100889646,!V TRIAL_VAR Stim_Duration_ms 200.0
100889646,!V TRIAL_VAR Stim_Hold_Time_ms 100.0
100889646,!V TRIAL_VAR Condition_ID C000005
100889647,!V TRIAL_VAR Is_Control False
100889647,!V TRIAL_VAR Stim_Color_Name Gray
100889647,!V TRIAL_VAR Stim_Intensity_Level 60
100889647,!V TRIAL_VAR Stim_Pos_X_deg 0.0
100889647,!V TRIAL_VAR Stim_Pos_Y_deg -15.0
100889651,FIX_ON TRIAL 14
100891660,FIX_OFF TRIAL 14
100891664,!V TRIAL_VAR Status nofix_1
100891664,!V TRIAL_VAR Subject_ID Monkey_H18
100891664,TRIAL_RESULT nofix_1
100894735,TRIALID 15
100894735,!V TRIAL_VAR Subject_ID Monkey_H18
100894735,!V TRIAL_VAR Planned_Fixation_Duration_ms 429.60352457935795
100894735,!V TRIAL_VAR Fixation_Pos_X_deg 0.0
100894735,!V TRIAL_VAR Fixation_Pos_Y_deg 0.0
100894735,!V TRIAL_VAR Fixation_Point_Radius_deg 0.2
100894735,!V TRIAL_VAR Fix_Window_Radius_deg 2.5
100894735,!V TRIAL_VAR Stim_Pos_X_deg 0.0
100894735,!V TRIAL_VAR Stim_Pos_Y_deg -15.0
100894735,!V TRIAL_VAR Stim_Window_Radius_deg 3.0
100894735,!V TRIAL_VAR Stim_Major_Axis_deg 0.3
100894735,!V TRIAL_VAR Stim_Minor_Axis_deg 0.3
100894735,!V TRIAL_VAR Stim_Orientation_deg 0.0
100894735,!V TRIAL_VAR Gap_Duration_ms 100.0
100894735,!V TRIAL_VAR Stim_Duration_ms 200.0
100894735,!V TRIAL_VAR Stim_Hold_Time_ms 100.0
100894735,!V TRIAL_VAR Condition_ID C000005
100894742,ERROR MESSAGES LOST 5
100894742,FIX_ON TRIAL 15
100896757,FIX_OFF TRIAL 15
100896761,!V TRIAL_VAR Status nofix_1
100896761,!V TRIAL_VAR Subject_ID Monkey_H18
100896761,TRIAL_RESULT nofix_1
100899826,TRIALID 16
100899826,!V TRIAL_VAR Subject_ID Monkey_H18
100899826,!V TRIAL_VAR Planned_Fixation_Duration_ms 454.1998043601719
100899826,!V TRIAL_VAR Fixation_Pos_X_deg 0.0
100899826,!V TRIAL_VAR Fixation_Pos_Y_deg 0.0
100899826,!V TRIAL_VAR Fixation_Point_Radius_deg 0.2
100899826,!V TRIAL_VAR Fix_Window_Radius_deg 2.5
100899826,!V TRIAL_VAR Stim_Pos_X_deg 0.0
100899826,!V TRIAL_VAR Stim_Pos_Y_deg -15.0
100899826,!V TRIAL_VAR Stim_Window_Radius_deg 3.0
100899826,!V TRIAL_VAR Stim_Major_Axis_deg 0.3
100899826,!V TRIAL_VAR Stim_Minor_Axis_deg 0.3
100899826,!V TRIAL_VAR Stim_Orientation_deg 0.0
100899826,!V TRIAL_VAR Gap_Duration_ms 100.0
100899826,!V TRIAL_VAR Stim_Duration_ms 200.0
100899826,!V TRIAL_VAR Stim_Hold_Time_ms 100.0
100899827,!V TRIAL_VAR Condition_ID C000005
100899827,!V TRIAL_VAR Is_Control False
100899827,!V TRIAL_VAR Stim_Color_Name Gray
100899827,!V TRIAL_VAR Stim_Intensity_Level 60
100899827,!V TRIAL_VAR Stim_Pos_X_deg 0.0
100899827,!V TRIAL_VAR Stim_Pos_Y_deg -15.0
100899832,FIX_ON TRIAL 16
100901847,FIX_OFF TRIAL 16
100901850,!V TRIAL_VAR Status nofix_1
100901850,!V TRIAL_VAR Subject_ID Monkey_H18
100901850,TRIAL_RESULT nofix_1
100904920,TRIALID 17
100904921,!V TRIAL_VAR Subject_ID Monkey_H18
100904921,!V TRIAL_VAR Planned_Fixation_Duration_ms 679.6015617395946
100904921,!V TRIAL_VAR Fixation_Pos_X_deg 0.0
100904921,!V TRIAL_VAR Fixation_Pos_Y_deg 0.0
100904921,!V TRIAL_VAR Fixation_Point_Radius_deg 0.2
100904921,!V TRIAL_VAR Fix_Window_Radius_deg 2.5
100904921,!V TRIAL_VAR Stim_Pos_X_deg 0.0
100904921,!V TRIAL_VAR Stim_Pos_Y_deg -15.0
100904921,!V TRIAL_VAR Stim_Window_Radius_deg 3.0
100904921,!V TRIAL_VAR Stim_Major_Axis_deg 0.3
100904921,!V TRIAL_VAR Stim_Minor_Axis_deg 0.3
100904921,!V TRIAL_VAR Stim_Orientation_deg 0.0
100904921,!V TRIAL_VAR Gap_Duration_ms 100.0
100904921,!V TRIAL_VAR Stim_Duration_ms 200.0
100904921,!V TRIAL_VAR Stim_Hold_Time_ms 100.0
100904921,!V TRIAL_VAR Condition_ID C000005
100904922,!V TRIAL_VAR Is_Control False
100904922,!V TRIAL_VAR Stim_Color_Name Gray
100904922,!V TRIAL_VAR Stim_Intensity_Level 60
100904922,!V TRIAL_VAR Stim_Pos_X_deg 0.0
100904922,!V TRIAL_VAR Stim_Pos_Y_deg -15.0
100904928,FIX_ON TRIAL 17
100906936,FIX_OFF TRIAL 17
100906939,!V TRIAL_VAR Status nofix_1
100906939,!V TRIAL_VAR Subject_ID Monkey_H18
100906939,TRIAL_RESULT nofix_1
100910002,TRIALID 18
100910002,!V TRIAL_VAR Subject_ID Monkey_H18
100910002,!V TRIAL_VAR Planned_Fixation_Duration_ms 777.8362456976806
100910002,!V TRIAL_VAR Fixation_Pos_X_deg 0.0
100910002,!V TRIAL_VAR Fixation_Pos_Y_deg 0.0
100910002,!V TRIAL_VAR Fixation_Point_Radius_deg 0.2
100910002,!V TRIAL_VAR Fix_Window_Radius_deg 2.5
100910002,!V TRIAL_VAR Stim_Pos_X_deg 0.0
100910002,!V TRIAL_VAR Stim_Pos_Y_deg -15.0
100910002,!V TRIAL_VAR Stim_Window_Radius_deg 3.0
100910002,!V TRIAL_VAR Stim_Major_Axis_deg 0.3
100910002,!V TRIAL_VAR Stim_Minor_Axis_deg 0.3
100910002,!V TRIAL_VAR Stim_Orientation_deg 0.0
100910002,!V TRIAL_VAR Gap_Duration_ms 100.0
100910002,!V TRIAL_VAR Stim_Duration_ms 200.0
100910002,!V TRIAL_VAR Stim_Hold_Time_ms 100.0
100910003,!V TRIAL_VAR Condition_ID C000005
100910004,!V TRIAL_VAR Is_Control False
100910004,!V TRIAL_VAR Stim_Color_Name Gray
100910004,!V TRIAL_VAR Stim_Intensity_Level 60
100910004,!V TRIAL_VAR Stim_Pos_X_deg 0.0
100910004,!V TRIAL_VAR Stim_Pos_Y_deg -15.0
100910009,FIX_ON TRIAL 18
100912025,FIX_OFF TRIAL 18
100912029,!V TRIAL_VAR Status nofix_1
100912029,!V TRIAL_VAR Subject_ID Monkey_H18
100912029,TRIAL_RESULT nofix_1
100915097,TRIALID 19
100915097,!V TRIAL_VAR Subject_ID Monkey_H18
100915097,!V TRIAL_VAR Planned_Fixation_Duration_ms 460.9779531863121
100915097,!V TRIAL_VAR Fixation_Pos_X_deg 0.0
100915097,!V TRIAL_VAR Fixation_Pos_Y_deg 0.0
100915097,!V TRIAL_VAR Fixation_Point_Radius_deg 0.2
100915097,!V TRIAL_VAR Fix_Window_Radius_deg 2.5
100915097,!V TRIAL_VAR Stim_Pos_X_deg 0.0
100915097,!V TRIAL_VAR Stim_Pos_Y_deg -15.0
100915097,!V TRIAL_VAR Stim_Window_Radius_deg 3.0
100915097,!V TRIAL_VAR Stim_Major_Axis_deg 0.3
100915097,!V TRIAL_VAR Stim_Minor_Axis_deg 0.3
100915097,!V TRIAL_VAR Stim_Orientation_deg 0.0
100915097,!V TRIAL_VAR Gap_Duration_ms 100.0
100915097,!V TRIAL_VAR Stim_Duration_ms 200.0
100915097,!V TRIAL_VAR Stim_Hold_Time_ms 100.0
100915097,!V TRIAL_VAR Condition_ID C000005
100915103,ERROR MESSAGES LOST 5
100915103,FIX_ON TRIAL 19
100917117,FIX_OFF TRIAL 19
100917121,!V TRIAL_VAR Status nofix_1
100917121,!V TRIAL_VAR Subject_ID Monkey_H18
100917121,TRIAL_RESULT nofix_1
100920189,TRIALID 20
100920190,!V TRIAL_VAR Subject_ID Monkey_H18
100920190,!V TRIAL_VAR Planned_Fixation_Duration_ms 386.25166637252664
100920190,!V TRIAL_VAR Fixation_Pos_X_deg 0.0
100920190,!V TRIAL_VAR Fixation_Pos_Y_deg 0.0
100920190,!V TRIAL_VAR Fixation_Point_Radius_deg 0.2
100920190,!V TRIAL_VAR Fix_Window_Radius_deg 2.5
100920190,!V TRIAL_VAR Stim_Pos_X_deg 0.0
100920190,!V TRIAL_VAR Stim_Pos_Y_deg -15.0
100920190,!V TRIAL_VAR Stim_Window_Radius_deg 3.0
100920190,!V TRIAL_VAR Stim_Major_Axis_deg 0.3
100920190,!V TRIAL_VAR Stim_Minor_Axis_deg 0.3
100920190,!V TRIAL_VAR Stim_Orientation_deg 0.0
100920190,!V TRIAL_VAR Gap_Duration_ms 100.0
100920190,!V TRIAL_VAR Stim_Duration_ms 200.0
100920190,!V TRIAL_VAR Stim_Hold_Time_ms 100.0
100920191,!V TRIAL_VAR Condition_ID C000005
100920191,!V TRIAL_VAR Is_Control False
100920191,!V TRIAL_VAR Stim_Color_Name Gray
100920191,!V TRIAL_VAR Stim_Intensity_Level 60
100920191,!V TRIAL_VAR Stim_Pos_X_deg 0.0
100920191,!V TRIAL_VAR Stim_Pos_Y_deg -15.0
100920195,FIX_ON TRIAL 20
100921543,GAZE_ACQUIRED TRIAL 20
100921788,FIX_OFF TRIAL 20
100921903,STIM_ON TRIAL 20
100922107,STIM_OFF TRIAL 20
100922609,STIM_WINDOW_END TRIAL 20
100922615,!V TRIAL_VAR Status nofix_2
100922615,!V TRIAL_VAR Subject_ID Monkey_H18
100922615,TRIAL_RESULT nofix_2
100925616,FINEVISION_SESSION_END
